date,myr_usd
1/1/2015,0.285877645
1/2/2015,0.283687949
1/3/2015,0.283687949
1/4/2015,0.283687949
1/5/2015,0.28157115
1/6/2015,0.280072838
1/7/2015,0.279798567
1/8/2015,0.281563252
1/9/2015,0.281944305
1/10/2015,0.281944305
1/11/2015,0.281944305
1/12/2015,0.279696822
1/13/2015,0.279814184
1/14/2015,0.279876858
1/15/2015,0.28058362
1/16/2015,0.281373113
1/17/2015,0.281373113
1/18/2015,0.281373113
1/19/2015,0.280638754
1/20/2015,0.27729252
1/21/2015,0.276625186
1/22/2015,0.278125435
1/23/2015,0.278768957
1/24/2015,0.278768957
1/25/2015,0.278768957
1/26/2015,0.277700633
1/27/2015,0.277700633
1/28/2015,0.277585
1/29/2015,0.275520056
1/30/2015,0.275353134
1/31/2015,0.275353134
2/1/2015,0.275353134
2/2/2015,0.276411086
2/3/2015,0.280386925
2/4/2015,0.278512746
2/5/2015,0.282933444
2/6/2015,0.281412691
2/7/2015,0.281412691
2/8/2015,0.281412691
2/9/2015,0.281373113
2/10/2015,0.28002575
2/11/2015,0.276571631
2/12/2015,0.278590351
2/13/2015,0.27940765
2/14/2015,0.27940765
2/15/2015,0.27940765
2/16/2015,0.279158056
2/17/2015,0.279204816
2/18/2015,0.276418716
2/19/2015,0.275035053
2/20/2015,0.274370998
2/21/2015,0.274370998
2/22/2015,0.274370998
2/23/2015,0.274951875
2/24/2015,0.276227832
2/25/2015,0.277315587
2/26/2015,0.277430981
2/27/2015,0.277161866
2/28/2015,0.277161866
3/1/2015,0.277161866
3/2/2015,0.275307655
3/3/2015,0.275603563
3/4/2015,0.273298711
3/5/2015,0.273201644
3/6/2015,0.27156204
3/7/2015,0.27156204
3/8/2015,0.27156204
3/9/2015,0.271539897
3/10/2015,0.268853337
3/11/2015,0.270489573
3/12/2015,0.271157026
3/13/2015,0.270124257
3/14/2015,0.270124257
3/15/2015,0.270124257
3/16/2015,0.270841241
3/17/2015,0.27037257
3/18/2015,0.274160385
3/19/2015,0.270014852
3/20/2015,0.269905537
3/21/2015,0.269905537
3/22/2015,0.269905537
3/23/2015,0.273860067
3/24/2015,0.273717642
3/25/2015,0.272071838
3/26/2015,0.272628129
3/27/2015,0.271591544
3/28/2015,0.271591544
3/29/2015,0.271591544
3/30/2015,0.269519985
3/31/2015,0.269869119
4/1/2015,0.272405326
4/2/2015,0.273815066
4/3/2015,0.273336083
4/4/2015,0.273336083
4/5/2015,0.273336083
4/6/2015,0.275747985
4/7/2015,0.274687529
4/8/2015,0.275763154
4/9/2015,0.274951875
4/10/2015,0.27244243
4/11/2015,0.27244243
4/12/2015,0.27244243
4/13/2015,0.269723535
4/14/2015,0.270416439
4/15/2015,0.27244243
4/16/2015,0.275641561
4/17/2015,0.275247037
4/18/2015,0.275247037
4/19/2015,0.275247037
4/20/2015,0.275633961
4/21/2015,0.275763154
4/22/2015,0.276847273
4/23/2015,0.277739197
4/24/2015,0.280284762
4/25/2015,0.280284762
4/26/2015,0.280284762
4/27/2015,0.282262623
4/28/2015,0.283511013
4/29/2015,0.282933444
4/30/2015,0.280206233
5/1/2015,0.27848947
5/2/2015,0.27848947
5/3/2015,0.27848947
5/4/2015,0.278218299
5/5/2015,0.279017836
5/6/2015,0.280615091
5/7/2015,0.277793199
5/8/2015,0.279181451
5/9/2015,0.279181451
5/10/2015,0.279181451
5/11/2015,0.277123451
5/12/2015,0.277731478
5/13/2015,0.278971165
5/14/2015,0.281151593
5/15/2015,0.281222761
5/16/2015,0.281222761
5/17/2015,0.281222761
5/18/2015,0.279290617
5/19/2015,0.276816607
5/20/2015,0.278621376
5/21/2015,0.278582573
5/22/2015,0.277816355
5/23/2015,0.277816355
5/24/2015,0.277816355
5/25/2015,0.278063565
5/26/2015,0.274936765
5/27/2015,0.274499059
5/28/2015,0.274047703
5/29/2015,0.274085253
5/30/2015,0.274085253
5/31/2015,0.274085253
6/1/2015,0.271193802
6/2/2015,0.272175491
6/3/2015,0.271886885
6/4/2015,0.269447356
6/5/2015,0.266567141
6/6/2015,0.266567141
6/7/2015,0.266567141
6/8/2015,0.267938495
6/9/2015,0.267272502
6/10/2015,0.26922974
6/11/2015,0.268017471
6/12/2015,0.267229617
6/13/2015,0.267229617
6/14/2015,0.267229617
6/15/2015,0.266063571
6/16/2015,0.267286777
6/17/2015,0.268405944
6/18/2015,0.270855904
6/19/2015,0.267522752
6/20/2015,0.267522752
6/21/2015,0.267522752
6/22/2015,0.269179016
6/23/2015,0.267136812
6/24/2015,0.266666681
6/25/2015,0.266503215
6/26/2015,0.265428007
6/27/2015,0.265428007
6/28/2015,0.265428007
6/29/2015,0.265287161
6/30/2015,0.266560048
7/1/2015,0.265604228
7/2/2015,0.266169816
7/3/2015,0.26507622
7/4/2015,0.26507622
7/5/2015,0.26507622
7/6/2015,0.261814386
7/7/2015,0.261793822
7/8/2015,0.263504595
7/9/2015,0.264522284
7/10/2015,0.263713062
7/11/2015,0.263713062
7/12/2015,0.263713062
7/13/2015,0.26291573
7/14/2015,0.263852239
7/15/2015,0.263740897
7/16/2015,0.263574064
7/17/2015,0.262846619
7/18/2015,0.262846619
7/19/2015,0.262846619
7/20/2015,0.262185037
7/21/2015,0.264550269
7/22/2015,0.262611955
7/23/2015,0.262501627
7/24/2015,0.262123197
7/25/2015,0.262123197
7/26/2015,0.262123197
7/27/2015,0.262054503
7/28/2015,0.263067901
7/29/2015,0.263054043
7/30/2015,0.262054503
7/31/2015,0.261574686
8/1/2015,0.261574686
8/2/2015,0.261574686
8/3/2015,0.259585202
8/4/2015,0.258498132
8/5/2015,0.258064508
8/6/2015,0.256147534
8/7/2015,0.255069494
8/8/2015,0.255069494
8/9/2015,0.255069494
8/10/2015,0.255558401
8/11/2015,0.251319408
8/12/2015,0.251635641
8/13/2015,0.248447195
8/14/2015,0.246669963
8/15/2015,0.246669963
8/16/2015,0.246669963
8/17/2015,0.244498774
8/18/2015,0.244917944
8/19/2015,0.244439006
8/20/2015,0.244051263
8/21/2015,0.240934834
8/22/2015,0.240934834
8/23/2015,0.240934834
8/24/2015,0.236910671
8/25/2015,0.237163529
8/26/2015,0.238640696
8/27/2015,0.239923209
8/28/2015,0.240558088
8/29/2015,0.240558088
8/30/2015,0.240558088
8/31/2015,0.24003841
9/1/2015,0.238948628
9/2/2015,0.237812132
9/3/2015,0.236714393
9/4/2015,0.233263344
9/5/2015,0.233263344
9/6/2015,0.233263344
9/7/2015,0.230627313
9/8/2015,0.233018756
9/9/2015,0.230813622
9/10/2015,0.232937321
9/11/2015,0.233263344
9/12/2015,0.233263344
9/13/2015,0.233263344
9/14/2015,0.232045472
9/15/2015,0.234659165
9/16/2015,0.237445086
9/17/2015,0.23713541
9/18/2015,0.237586126
9/19/2015,0.237586126
9/20/2015,0.237586126
9/21/2015,0.234824464
9/22/2015,0.23201856
9/23/2015,0.228310496
9/24/2015,0.227686688
9/25/2015,0.227645248
9/26/2015,0.227645248
9/27/2015,0.227645248
9/28/2015,0.226639166
9/29/2015,0.224416524
9/30/2015,0.22802417
10/1/2015,0.226372376
10/2/2015,0.228180259
10/3/2015,0.228180259
10/4/2015,0.228180259
10/5/2015,0.23049441
10/6/2015,0.232612252
10/7/2015,0.237247914
10/8/2015,0.243101969
10/9/2015,0.242277399
10/10/2015,0.242277399
10/11/2015,0.242277399
10/12/2015,0.241575062
10/13/2015,0.238010243
10/14/2015,0.241662636
10/15/2015,0.243753806
10/16/2015,0.239750654
10/17/2015,0.239750654
10/18/2015,0.239750654
10/19/2015,0.233481199
10/20/2015,0.233808741
10/21/2015,0.232693419
10/22/2015,0.236938745
10/23/2015,0.235377192
10/24/2015,0.235377192
10/25/2015,0.235377192
10/26/2015,0.235932514
10/27/2015,0.233644843
10/28/2015,0.234274343
10/29/2015,0.236938745
10/30/2015,0.236910671
10/31/2015,0.236910671
11/1/2015,0.236910671
11/2/2015,0.233045921
11/3/2015,0.236239091
11/4/2015,0.232612252
11/5/2015,0.232964471
11/6/2015,0.229515731
11/7/2015,0.229515731
11/8/2015,0.229515731
11/9/2015,0.228154242
11/10/2015,0.235654518
11/11/2015,0.230547547
11/12/2015,0.228336573
11/13/2015,0.228232354
11/14/2015,0.228232354
11/15/2015,0.228232354
11/16/2015,0.229200095
11/17/2015,0.228534862
11/18/2015,0.231267348
11/19/2015,0.233781412
11/20/2015,0.234824464
11/21/2015,0.234824464
11/22/2015,0.234824464
11/23/2015,0.23460412
11/24/2015,0.237812132
11/25/2015,0.238180295
11/26/2015,0.237360567
11/27/2015,0.234576583
11/28/2015,0.234576583
11/29/2015,0.234576583
11/30/2015,0.235404894
12/1/2015,0.237079188
12/2/2015,0.235571265
12/3/2015,0.237727329
12/4/2015,0.239120036
12/5/2015,0.239120036
12/6/2015,0.239120036
12/7/2015,0.234192044
12/8/2015,0.234560087
12/9/2015,0.235216632
12/10/2015,0.234686688
12/11/2015,0.231508285
12/12/2015,0.231508285
12/13/2015,0.231508285
12/14/2015,0.230308607
12/15/2015,0.23282887
12/16/2015,0.234439105
12/17/2015,0.232180163
12/18/2015,0.234000236
12/19/2015,0.234000236
12/20/2015,0.234000236
12/21/2015,0.232991621
12/22/2015,0.232883081
12/23/2015,0.233045921
12/24/2015,0.233100235
12/25/2015,0.233045921
12/26/2015,0.233045921
12/27/2015,0.233045921
12/28/2015,0.232926488
12/29/2015,0.233590275
12/30/2015,0.232277244
12/31/2015,0.232883081
1/1/2016,0.232277244
1/2/2016,0.232277244
1/3/2016,0.232277244
1/4/2016,0.229858637
1/5/2016,0.229594752
1/6/2016,0.226500571
1/7/2016,0.227169469
1/8/2016,0.226860255
1/9/2016,0.226860255
1/10/2016,0.226860255
1/11/2016,0.227868274
1/12/2016,0.227634862
1/13/2016,0.22802417
1/14/2016,0.228284448
1/15/2016,0.22621876
1/16/2016,0.22621876
1/17/2016,0.22621876
1/18/2016,0.227324381
1/19/2016,0.229053095
1/20/2016,0.228154242
1/21/2016,0.230335146
1/22/2016,0.234879613
1/23/2016,0.234879613
1/24/2016,0.234879613
1/25/2016,0.233819664
1/26/2016,0.235166863
1/27/2016,0.235860184
1/28/2016,0.24052918
1/29/2016,0.242013559
1/30/2016,0.242013559
1/31/2016,0.242013559
2/1/2016,0.240615964
2/2/2016,0.238293827
2/3/2016,0.241487578
2/4/2016,0.244678259
2/5/2016,0.240731835
2/6/2016,0.240731835
2/7/2016,0.240731835
2/8/2016,0.239721909
2/9/2016,0.240540743
2/10/2016,0.243664712
2/11/2016,0.242688984
2/12/2016,0.241341874
2/13/2016,0.241341874
2/14/2016,0.241341874
2/15/2016,0.24242425
2/16/2016,0.238589466
2/17/2016,0.240326852
2/18/2016,0.239923209
2/19/2016,0.238049895
2/20/2016,0.238049895
2/21/2016,0.238049895
2/22/2016,0.239721909
2/23/2016,0.237529695
2/24/2016,0.237107277
2/25/2016,0.237851724
2/26/2016,0.240471318
2/27/2016,0.240471318
2/28/2016,0.240471318
2/29/2016,0.238560989
3/1/2016,0.242777377
3/2/2016,0.242189378
3/3/2016,0.243101969
3/4/2016,0.246639535
3/5/2016,0.246639535
3/6/2016,0.246639535
3/7/2016,0.246457189
3/8/2016,0.243338615
3/9/2016,0.243783504
3/10/2016,0.242777377
3/11/2016,0.24601458
3/12/2016,0.24601458
3/13/2016,0.24601458
3/14/2016,0.243397832
3/15/2016,0.240598604
3/16/2016,0.246761277
3/17/2016,0.248539835
3/18/2016,0.247310504
3/19/2016,0.247310504
3/20/2016,0.247310504
3/21/2016,0.247985139
3/22/2016,0.251774997
3/23/2016,0.248292983
3/24/2016,0.249034986
3/25/2016,0.249097019
3/26/2016,0.249097019
3/27/2016,0.249097019
3/28/2016,0.249812648
3/29/2016,0.252365917
3/30/2016,0.255787194
3/31/2016,0.258832663
4/1/2016,0.257566005
4/2/2016,0.257566005
4/3/2016,0.257566005
4/4/2016,0.255963951
4/5/2016,0.254174829
4/6/2016,0.258665293
4/7/2016,0.253839314
4/8/2016,0.255682558
4/9/2016,0.255682558
4/10/2016,0.255682558
4/11/2016,0.260078013
4/12/2016,0.26017952
4/13/2016,0.259315908
4/14/2016,0.258384585
4/15/2016,0.256541818
4/16/2016,0.256541818
4/17/2016,0.256541818
4/18/2016,0.256838322
4/19/2016,0.261478931
4/20/2016,0.257964671
4/21/2016,0.256554991
4/22/2016,0.256029487
4/23/2016,0.256029487
4/24/2016,0.256029487
4/25/2016,0.255734861
4/26/2016,0.256062269
4/27/2016,0.256937295
4/28/2016,0.257864863
4/29/2016,0.255493104
4/30/2016,0.255493104
5/1/2016,0.255493104
5/2/2016,0.255303949
5/3/2016,0.251287848
5/4/2016,0.248892441
5/5/2016,0.249252245
5/6/2016,0.250438273
5/7/2016,0.250438273
5/8/2016,0.250438273
5/9/2016,0.246761277
5/10/2016,0.247616693
5/11/2016,0.2489544
5/12/2016,0.248539835
5/13/2016,0.247966662
5/14/2016,0.247966662
5/15/2016,0.247966662
5/16/2016,0.249016389
5/17/2016,0.248818114
5/18/2016,0.245941952
5/19/2016,0.245218247
5/20/2016,0.245954052
5/21/2016,0.245954052
5/22/2016,0.245954052
5/23/2016,0.247127131
5/24/2016,0.245007962
5/25/2016,0.245881498
5/26/2016,0.246578723
5/27/2016,0.244558558
5/28/2016,0.244558558
5/29/2016,0.244558558
5/30/2016,0.24360536
5/31/2016,0.242924824
6/1/2016,0.240876779
6/2/2016,0.241370976
6/3/2016,0.245278388
6/4/2016,0.245278388
6/5/2016,0.245278388
6/6/2016,0.246366099
6/7/2016,0.246578723
6/8/2016,0.248675808
6/9/2016,0.247524753
6/10/2016,0.24539879
6/11/2016,0.24539879
6/12/2016,0.24539879
6/13/2016,0.24470818
6/14/2016,0.243961945
6/15/2016,0.24547708
6/16/2016,0.244331494
6/17/2016,0.244917944
6/18/2016,0.244917944
6/19/2016,0.244917944
6/20/2016,0.246305421
6/21/2016,0.248200551
6/22/2016,0.248231351
6/23/2016,0.253145337
6/24/2016,0.244720176
6/25/2016,0.244720176
6/26/2016,0.244720176
6/27/2016,0.244319573
6/28/2016,0.246700376
6/29/2016,0.251067042
6/30/2016,0.250941038
7/1/2016,0.250909537
7/2/2016,0.250909537
7/3/2016,0.250909537
7/4/2016,0.25111115
7/5/2016,0.24778235
7/6/2016,0.247997418
7/7/2016,0.247549266
7/8/2016,0.25
7/9/2016,0.25
7/10/2016,0.25
7/11/2016,0.251161635
7/12/2016,0.252620935
7/13/2016,0.253581852
7/14/2016,0.255761027
7/15/2016,0.25536263
7/16/2016,0.25536263
7/17/2016,0.25536263
7/18/2016,0.25252524
7/19/2016,0.249109447
7/20/2016,0.247911349
7/21/2016,0.246202335
7/22/2016,0.245567515
7/23/2016,0.245567515
7/24/2016,0.245567515
7/25/2016,0.246700376
7/26/2016,0.24805893
7/27/2016,0.247066081
7/28/2016,0.248028189
7/29/2016,0.248830512
7/30/2016,0.248830512
7/31/2016,0.248830512
8/1/2016,0.248077393
8/2/2016,0.24869436
8/3/2016,0.247463509
8/4/2016,0.249283314
8/5/2016,0.248138949
8/6/2016,0.248138949
8/7/2016,0.248138949
8/8/2016,0.247831479
8/9/2016,0.248292983
8/10/2016,0.24964425
8/11/2016,0.251098543
8/12/2016,0.249314383
8/13/2016,0.249314383
8/14/2016,0.249314383
8/15/2016,0.250645399
8/16/2016,0.251148999
8/17/2016,0.250419468
8/18/2016,0.251275212
8/19/2016,0.249314383
8/20/2016,0.249314383
8/21/2016,0.249314383
8/22/2016,0.248880029
8/23/2016,0.247665733
8/24/2016,0.248015866
8/25/2016,0.248818114
8/26/2016,0.247647345
8/27/2016,0.247647345
8/28/2016,0.247647345
8/29/2016,0.247708678
8/30/2016,0.24603273
8/31/2016,0.244289726
9/1/2016,0.244798034
9/2/2016,0.244887963
9/3/2016,0.244887963
9/4/2016,0.244887963
9/5/2016,0.24563989
9/6/2016,0.24700506
9/7/2016,0.247157693
9/8/2016,0.24547106
9/9/2016,0.24379541
9/10/2016,0.24379541
9/11/2016,0.24379541
9/12/2016,0.244468898
9/13/2016,0.242306769
9/14/2016,0.242306769
9/15/2016,0.241943285
9/16/2016,0.241925716
9/17/2016,0.241925716
9/18/2016,0.241925716
9/19/2016,0.241984263
9/20/2016,0.24189648
9/21/2016,0.243979797
9/22/2016,0.243516371
9/23/2016,0.24307245
9/24/2016,0.24307245
9/25/2016,0.24307245
9/26/2016,0.241925716
9/27/2016,0.242072135
9/28/2016,0.243676603
9/29/2016,0.242078006
9/30/2016,0.242471278
10/1/2016,0.242471278
10/2/2016,0.242471278
10/3/2016,0.243546039
10/4/2016,0.241178885
10/5/2016,0.241615921
10/6/2016,0.240789801
10/7/2016,0.240946442
10/8/2016,0.240946442
10/9/2016,0.240946442
10/10/2016,0.2421249
10/11/2016,0.239675969
10/12/2016,0.238350615
10/13/2016,0.238282457
10/14/2016,0.237569183
10/15/2016,0.237569183
10/16/2016,0.237569183
10/17/2016,0.237383083
10/18/2016,0.23847568
10/19/2016,0.240009591
10/20/2016,0.239417747
10/21/2016,0.2392001
10/22/2016,0.2392001
10/23/2016,0.2392001
10/24/2016,0.23989445
10/25/2016,0.240899995
10/26/2016,0.24042508
10/27/2016,0.238305166
10/28/2016,0.238049895
10/29/2016,0.238049895
10/30/2016,0.238049895
10/31/2016,0.238464281
11/1/2016,0.23900573
11/2/2016,0.239228725
11/3/2016,0.239532441
11/4/2016,0.237665176
11/5/2016,0.237665176
11/6/2016,0.237665176
11/7/2016,0.237580493
11/8/2016,0.239400536
11/9/2016,0.235316262
11/10/2016,0.229642227
11/11/2016,0.22707662
11/12/2016,0.22707662
11/13/2016,0.22707662
11/14/2016,0.231653064
11/15/2016,0.231117696
11/16/2016,0.229158074
11/17/2016,0.227707431
11/18/2016,0.226551875
11/19/2016,0.226551875
11/20/2016,0.226551875
11/21/2016,0.226551875
11/22/2016,0.226372376
11/23/2016,0.227401927
11/24/2016,0.225225225
11/25/2016,0.225149155
11/26/2016,0.225149155
11/27/2016,0.225149155
11/28/2016,0.224265531
11/29/2016,0.224225312
11/30/2016,0.223838821
12/1/2016,0.224215239
12/2/2016,0.224220276
12/3/2016,0.224220276
12/4/2016,0.224220276
12/5/2016,0.224921271
12/6/2016,0.226423636
12/7/2016,0.226449281
12/8/2016,0.226193175
12/9/2016,0.226193175
12/10/2016,0.226193175
12/11/2016,0.226193175
12/12/2016,0.226654574
12/13/2016,0.225835592
12/14/2016,0.225047827
12/15/2016,0.224114746
12/16/2016,0.223538622
12/17/2016,0.223538622
12/18/2016,0.223538622
12/19/2016,0.22343871
12/20/2016,0.223363847
12/21/2016,0.223363847
12/22/2016,0.223214284
12/23/2016,0.223638609
12/24/2016,0.223638609
12/25/2016,0.223638609
12/26/2016,0.223638609
12/27/2016,0.223413765
12/28/2016,0.223239213
12/29/2016,0.223089784
12/30/2016,0.223040029
12/31/2016,0.223040029
1/1/2017,0.223040029
1/2/2017,0.223040029
1/3/2017,0.222717166
1/4/2017,0.222469419
1/5/2017,0.223663598
1/6/2017,0.223688632
1/7/2017,0.223688632
1/8/2017,0.223688632
1/9/2017,0.223488644
1/10/2017,0.22361359
1/11/2017,0.223763719
1/12/2017,0.225861102
1/13/2017,0.224215239
1/14/2017,0.224215239
1/15/2017,0.224215239
1/16/2017,0.223939091
1/17/2017,0.224215239
1/18/2017,0.223838821
1/19/2017,0.224845409
1/20/2017,0.224997193
1/21/2017,0.224997193
1/22/2017,0.224997193
1/23/2017,0.225453719
1/24/2017,0.225580871
1/25/2017,0.226305798
1/26/2017,0.225861102
1/27/2017,0.225728542
1/28/2017,0.225728542
1/29/2017,0.225728542
1/30/2017,0.225672498
1/31/2017,0.225876406
2/1/2017,0.225850895
2/2/2017,0.226142019
2/3/2017,0.225963175
2/4/2017,0.225963175
2/5/2017,0.225963175
2/6/2017,0.225861102
2/7/2017,0.225504562
2/8/2017,0.225352108
2/9/2017,0.225377515
2/10/2017,0.225413084
2/11/2017,0.225413084
2/12/2017,0.225413084
2/13/2017,0.224729195
2/14/2017,0.224845409
2/15/2017,0.224895999
2/16/2017,0.22469385
2/17/2017,0.224668607
2/18/2017,0.224668607
2/19/2017,0.224668607
2/20/2017,0.224441692
2/21/2017,0.22446689
2/22/2017,0.224653468
2/23/2017,0.225073159
2/24/2017,0.225352108
2/25/2017,0.225352108
2/26/2017,0.225352108
2/27/2017,0.225352108
2/28/2017,0.225352108
3/1/2017,0.224921271
3/2/2017,0.224997193
3/3/2017,0.224618137
3/4/2017,0.224618137
3/5/2017,0.224618137
3/6/2017,0.22474435
3/7/2017,0.224997193
3/8/2017,0.224618137
3/9/2017,0.224215239
3/10/2017,0.22469385
3/11/2017,0.22469385
3/12/2017,0.22469385
3/13/2017,0.224971876
3/14/2017,0.224845409
3/15/2017,0.225174516
3/16/2017,0.225377515
3/17/2017,0.225479141
3/18/2017,0.225479141
3/19/2017,0.225479141
3/20/2017,0.225988686
3/21/2017,0.226090893
3/22/2017,0.226014242
3/23/2017,0.225912124
3/24/2017,0.226090893
3/25/2017,0.226090893
3/26/2017,0.226090893
3/27/2017,0.226783082
3/28/2017,0.226757377
3/29/2017,0.226372376
3/30/2017,0.226295531
3/31/2017,0.226090893
4/1/2017,0.226090893
4/2/2017,0.226090893
4/3/2017,0.225963175
4/4/2017,0.2257846
4/5/2017,0.225733638
4/6/2017,0.225529999
4/7/2017,0.225529999
4/8/2017,0.225529999
4/9/2017,0.225529999
4/10/2017,0.225606322
4/11/2017,0.225682676
4/12/2017,0.225988686
4/13/2017,0.226757377
4/14/2017,0.22714366
4/15/2017,0.22714366
4/16/2017,0.22714366
4/17/2017,0.22714366
4/18/2017,0.226808801
4/19/2017,0.227324381
4/20/2017,0.227479532
4/21/2017,0.227427796
4/22/2017,0.227427796
4/23/2017,0.227427796
4/24/2017,0.227376089
4/25/2017,0.228885338
4/26/2017,0.230149612
4/27/2017,0.230149612
4/28/2017,0.230441302
4/29/2017,0.230441302
4/30/2017,0.230441302
5/1/2017,0.230414733
5/2/2017,0.23118715
5/3/2017,0.231615514
5/4/2017,0.231133714
5/5/2017,0.23068051
5/6/2017,0.23068051
5/7/2017,0.23068051
5/8/2017,0.23068051
5/9/2017,0.230202585
5/10/2017,0.230414733
5/11/2017,0.230096623
5/12/2017,0.230202585
5/13/2017,0.230202585
5/14/2017,0.230202585
5/15/2017,0.231427908
5/16/2017,0.231749713
5/17/2017,0.2314547
5/18/2017,0.23118715
5/19/2017,0.231481478
5/20/2017,0.231481478
5/21/2017,0.231481478
5/22/2017,0.232450023
5/23/2017,0.233045921
5/24/2017,0.232774675
5/25/2017,0.233863428
5/26/2017,0.234356686
5/27/2017,0.234356686
5/28/2017,0.234356686
5/29/2017,0.234000236
5/30/2017,0.233590275
5/31/2017,0.233192638
6/1/2017,0.233345002
6/2/2017,0.233781412
6/3/2017,0.233781412
6/4/2017,0.233781412
6/5/2017,0.234686688
6/6/2017,0.234192044
6/7/2017,0.234796911
6/8/2017,0.234741777
6/9/2017,0.23460412
6/10/2017,0.23460412
6/11/2017,0.23460412
6/12/2017,0.23460412
6/13/2017,0.234659165
6/14/2017,0.234990016
6/15/2017,0.234466597
6/16/2017,0.233972847
6/17/2017,0.233972847
6/18/2017,0.233972847
6/19/2017,0.23391813
6/20/2017,0.233563006
6/21/2017,0.233399451
6/22/2017,0.233399451
6/23/2017,0.233312339
6/24/2017,0.233312339
6/25/2017,0.233312339
6/26/2017,0.233345002
6/27/2017,0.233317792
6/28/2017,0.232910216
6/29/2017,0.232991621
6/30/2017,0.233045921
7/1/2017,0.233045921
7/2/2017,0.233045921
7/3/2017,0.23280178
7/4/2017,0.23282887
7/5/2017,0.23282887
7/6/2017,0.23280178
7/7/2017,0.23274757
7/8/2017,0.23274757
7/9/2017,0.23274757
7/10/2017,0.23282887
7/11/2017,0.23282887
7/12/2017,0.233100235
7/13/2017,0.233100235
7/14/2017,0.233100235
7/15/2017,0.233100235
7/16/2017,0.233100235
7/17/2017,0.23335591
7/18/2017,0.233426705
7/19/2017,0.233426705
7/20/2017,0.23315458
7/21/2017,0.233508483
7/22/2017,0.233508483
7/23/2017,0.233508483
7/24/2017,0.23391813
7/25/2017,0.233672157
7/26/2017,0.233535722
7/27/2017,0.23391813
7/28/2017,0.233699471
7/29/2017,0.233699471
7/30/2017,0.233699471
7/31/2017,0.233699471
8/1/2017,0.233426705
8/2/2017,0.233372241
8/3/2017,0.233781412
8/4/2017,0.233808741
8/5/2017,0.233808741
8/6/2017,0.233808741
8/7/2017,0.233672157
8/8/2017,0.233481199
8/9/2017,0.233290568
8/10/2017,0.23315458
8/11/2017,0.232964471
8/12/2017,0.232964471
8/13/2017,0.232964471
8/14/2017,0.233045921
8/15/2017,0.232910216
8/16/2017,0.232964471
8/17/2017,0.232937321
8/18/2017,0.233263344
8/19/2017,0.233263344
8/20/2017,0.233263344
8/21/2017,0.233399451
8/22/2017,0.23372677
8/23/2017,0.23391813
8/24/2017,0.233808741
8/25/2017,0.234192044
8/26/2017,0.234192044
8/27/2017,0.234192044
8/28/2017,0.234439105
8/29/2017,0.234466597
8/30/2017,0.234246895
8/31/2017,0.234301776
9/1/2017,0.234301776
9/2/2017,0.234301776
9/3/2017,0.234301776
9/4/2017,0.234301776
9/5/2017,0.235045254
9/6/2017,0.236071765
9/7/2017,0.237699091
9/8/2017,0.238521159
9/9/2017,0.238521159
9/10/2017,0.238521159
9/11/2017,0.238379017
9/12/2017,0.237840399
9/13/2017,0.238464281
9/14/2017,0.237868696
9/15/2017,0.238805965
9/16/2017,0.238805965
9/17/2017,0.238805965
9/18/2017,0.2388345
9/19/2017,0.23866348
9/20/2017,0.2388345
9/21/2017,0.238322213
9/22/2017,0.238379017
9/23/2017,0.238379017
9/24/2017,0.238379017
9/25/2017,0.238095254
9/26/2017,0.237868696
9/27/2017,0.237022996
9/28/2017,0.236686394
9/29/2017,0.236966833
9/30/2017,0.236966833
10/1/2017,0.236966833
10/2/2017,0.236350745
10/3/2017,0.236183271
10/4/2017,0.236658379
10/5/2017,0.236574396
10/6/2017,0.236127496
10/7/2017,0.236127496
10/8/2017,0.236127496
10/9/2017,0.236490488
10/10/2017,0.23713541
10/11/2017,0.237360567
10/12/2017,0.236994907
10/13/2017,0.236966833
10/14/2017,0.236966833
10/15/2017,0.236966833
10/16/2017,0.237298593
10/17/2017,0.236938745
10/18/2017,0.236938745
10/19/2017,0.236938745
10/20/2017,0.236826539
10/21/2017,0.236826539
10/22/2017,0.236826539
10/23/2017,0.236071765
10/24/2017,0.236350745
10/25/2017,0.236322805
10/26/2017,0.236222327
10/27/2017,0.235849068
10/28/2017,0.235849068
10/29/2017,0.235849068
10/30/2017,0.236406624
10/31/2017,0.236456916
11/1/2017,0.236462519
11/2/2017,0.23629491
11/3/2017,0.236211166
11/4/2017,0.236211166
11/5/2017,0.236211166
11/6/2017,0.236574396
11/7/2017,0.236602381
11/8/2017,0.2366696
11/9/2017,0.237812132
11/10/2017,0.238635018
11/11/2017,0.238635018
11/12/2017,0.238635018
11/13/2017,0.238720447
11/14/2017,0.238731861
11/15/2017,0.239520952
11/16/2017,0.239859939
11/17/2017,0.240789801
11/18/2017,0.240789801
11/19/2017,0.240789801
11/20/2017,0.241662636
11/21/2017,0.241761953
11/22/2017,0.243368208
11/23/2017,0.243563831
11/24/2017,0.243237987
11/25/2017,0.243237987
11/26/2017,0.243237987
11/27/2017,0.243504524
11/28/2017,0.243961945
11/29/2017,0.24460043
11/30/2017,0.244678259
12/1/2017,0.244648308
12/2/2017,0.244648308
12/3/2017,0.244648308
12/4/2017,0.246317551
12/5/2017,0.246256888
12/6/2017,0.24551928
12/7/2017,0.244738132
12/8/2017,0.245182171
12/9/2017,0.245182171
12/10/2017,0.245182171
12/11/2017,0.245428875
12/12/2017,0.245278388
12/13/2017,0.244792044
12/14/2017,0.244977966
12/15/2017,0.245218247
12/16/2017,0.245218247
12/17/2017,0.245218247
12/18/2017,0.24509804
12/19/2017,0.245188192
12/20/2017,0.24560973
12/21/2017,0.245368659
12/22/2017,0.245338559
12/23/2017,0.245338559
12/24/2017,0.245338559
12/25/2017,0.245019987
12/26/2017,0.244947955
12/27/2017,0.245158121
12/28/2017,0.246141747
12/29/2017,0.246372178
12/30/2017,0.246372178
12/31/2017,0.246372178
1/1/2018,0.246372178
1/2/2018,0.248941988
1/3/2018,0.248892441
1/4/2018,0.249931261
1/5/2018,0.250312895
1/6/2018,0.250312895
1/7/2018,0.250312895
1/8/2018,0.250344217
1/9/2018,0.24959442
1/10/2018,0.25
1/11/2018,0.251509041
1/12/2018,0.252047896
1/13/2018,0.252047896
1/14/2018,0.252047896
1/15/2018,0.253581852
1/16/2018,0.252589017
1/17/2018,0.25271669
1/18/2018,0.253081262
1/19/2018,0.254065037
1/20/2018,0.254065037
1/21/2018,0.254065037
1/22/2018,0.254291177
1/23/2018,0.254809529
1/24/2018,0.255754471
1/25/2018,0.257532835
1/26/2018,0.258264452
1/27/2018,0.258264452
1/28/2018,0.258264452
1/29/2018,0.257798404
1/30/2018,0.256508917
1/31/2018,0.256508917
2/1/2018,0.256508917
2/2/2018,0.257400244
2/3/2018,0.257400244
2/4/2018,0.257400244
2/5/2018,0.25657472
2/6/2018,0.255591065
2/7/2018,0.255983621
2/8/2018,0.254874468
2/9/2018,0.252889276
2/10/2018,0.252889276
2/11/2018,0.252889276
2/12/2018,0.254032761
2/13/2018,0.254032761
2/14/2018,0.256377369
2/15/2018,0.25701654
2/16/2018,0.256970316
2/17/2018,0.256970316
2/18/2018,0.256970316
2/19/2018,0.257201642
2/20/2018,0.256278843
2/21/2018,0.256377369
2/22/2018,0.255427837
2/23/2018,0.25536263
2/24/2018,0.25536263
2/25/2018,0.25536263
2/26/2018,0.256410241
2/27/2018,0.255030483
2/28/2018,0.255427837
3/1/2018,0.255167127
3/2/2018,0.254595459
3/3/2018,0.254595459
3/4/2018,0.254595459
3/5/2018,0.256180346
3/6/2018,0.256950527
3/7/2018,0.256278843
3/8/2018,0.256049156
3/9/2018,0.255754471
3/10/2018,0.255754471
3/11/2018,0.255754471
3/12/2018,0.256278843
3/13/2018,0.256508917
3/14/2018,0.256147534
3/15/2018,0.255297422
3/16/2018,0.255983621
3/17/2018,0.255983621
3/18/2018,0.255983621
3/19/2018,0.255493104
3/20/2018,0.255427837
3/21/2018,0.255102038
3/22/2018,0.255669475
3/23/2018,0.255427837
3/24/2018,0.255427837
3/25/2018,0.255427837
3/26/2018,0.257082611
3/27/2018,0.258097827
3/28/2018,0.259437025
3/29/2018,0.2587322
3/30/2018,0.259067357
3/31/2018,0.259067357
4/1/2018,0.259067357
4/2/2018,0.259100914
4/3/2018,0.258284479
4/4/2018,0.258284479
4/5/2018,0.258184463
4/6/2018,0.258799165
4/7/2018,0.258799165
4/8/2018,0.258799165
4/9/2018,0.258665293
4/10/2018,0.258665293
4/11/2018,0.258933187
4/12/2018,0.258264452
4/13/2018,0.258144468
4/14/2018,0.258144468
4/15/2018,0.258144468
4/16/2018,0.25799793
4/17/2018,0.257532835
4/18/2018,0.257201642
4/19/2018,0.257532835
4/20/2018,0.257234722
4/21/2018,0.257234722
4/22/2018,0.257234722
4/23/2018,0.256937295
4/24/2018,0.256640553
4/25/2018,0.256213158
4/26/2018,0.255787194
4/27/2018,0.25536263
4/28/2018,0.25536263
4/29/2018,0.25536263
4/30/2018,0.255329996
5/1/2018,0.255134583
5/2/2018,0.255167127
5/3/2018,0.254355848
5/4/2018,0.253678352
5/5/2018,0.253678352
5/6/2018,0.253678352
5/7/2018,0.253936023
5/8/2018,0.253710508
5/9/2018,0.250720829
5/10/2018,0.247310504
5/11/2018,0.253292799
5/12/2018,0.253292799
5/13/2018,0.253292799
5/14/2018,0.253363401
5/15/2018,0.253292799
5/16/2018,0.252940416
5/17/2018,0.252206802
5/18/2018,0.251920879
5/19/2018,0.251920879
5/20/2018,0.251920879
5/21/2018,0.251889169
5/22/2018,0.25141421
5/23/2018,0.252238631
5/24/2018,0.251509041
5/25/2018,0.2514458
5/26/2018,0.2514458
5/27/2018,0.2514458
5/28/2018,0.251351029
5/29/2018,0.251256287
5/30/2018,0.251193166
5/31/2018,0.250941038
6/1/2018,0.2514458
6/2/2018,0.2514458
6/3/2018,0.2514458
6/4/2018,0.251509041
6/5/2018,0.251889169
6/6/2018,0.251889169
6/7/2018,0.251889169
6/8/2018,0.251256287
6/9/2018,0.251256287
6/10/2018,0.251256287
6/11/2018,0.250878066
6/12/2018,0.251148999
6/13/2018,0.250815153
6/14/2018,0.251029223
6/15/2018,0.251067042
6/16/2018,0.251067042
6/17/2018,0.251067042
6/18/2018,0.250350475
6/19/2018,0.250325412
6/20/2018,0.250018746
6/21/2018,0.249843851
6/22/2018,0.249221191
6/23/2018,0.249221191
6/24/2018,0.249221191
6/25/2018,0.250312895
6/26/2018,0.249183908
6/27/2018,0.248756215
6/28/2018,0.248292983
6/29/2018,0.247494116
6/30/2018,0.247494116
7/1/2018,0.247494116
7/2/2018,0.248194396
7/3/2018,0.247647345
7/4/2018,0.247555375
7/5/2018,0.246609136
7/6/2018,0.247445136
7/7/2018,0.247445136
7/8/2018,0.247445136
7/9/2018,0.247831479
7/10/2018,0.248447195
7/11/2018,0.248447195
7/12/2018,0.247770086
7/13/2018,0.247616693
7/14/2018,0.247616693
7/15/2018,0.247616693
7/16/2018,0.246974573
7/17/2018,0.248175919
7/18/2018,0.247383907
7/19/2018,0.246366099
7/20/2018,0.246305421
7/21/2018,0.246305421
7/22/2018,0.246305421
7/23/2018,0.246366099
7/24/2018,0.246123537
7/25/2018,0.246517941
7/26/2018,0.247402281
7/27/2018,0.246129602
7/28/2018,0.246129602
7/29/2018,0.246129602
7/30/2018,0.246378228
7/31/2018,0.246578723
8/1/2018,0.247396156
8/2/2018,0.246062979
8/3/2018,0.245827079
8/4/2018,0.245827079
8/5/2018,0.245827079
8/6/2018,0.24509804
8/7/2018,0.245308474
8/8/2018,0.24548912
8/9/2018,0.245549396
8/10/2018,0.245549396
8/11/2018,0.245549396
8/12/2018,0.245549396
8/13/2018,0.244798034
8/14/2018,0.244110838
8/15/2018,0.24414061
8/16/2018,0.243842974
8/17/2018,0.243724093
8/18/2018,0.243724093
8/19/2018,0.243724093
8/20/2018,0.243902445
8/21/2018,0.244122744
8/22/2018,0.244200259
8/23/2018,0.244379282
8/24/2018,0.243783504
8/25/2018,0.243783504
8/26/2018,0.243783504
8/27/2018,0.244558558
8/28/2018,0.244200259
8/29/2018,0.243724093
8/30/2018,0.242477134
8/31/2018,0.243107885
9/1/2018,0.243107885
9/2/2018,0.243107885
9/3/2018,0.243042901
9/4/2018,0.242336109
9/5/2018,0.241808727
9/6/2018,0.240934834
9/7/2018,0.241703525
9/8/2018,0.241703525
9/9/2018,0.241703525
9/10/2018,0.241400123
9/11/2018,0.241149798
9/12/2018,0.241411775
9/13/2018,0.241458416
9/14/2018,0.241370976
9/15/2018,0.241370976
9/16/2018,0.241370976
9/17/2018,0.241779491
9/18/2018,0.241779491
9/19/2018,0.241545901
9/20/2018,0.241943285
9/21/2018,0.241773665
9/22/2018,0.241773665
9/23/2018,0.241773665
9/24/2018,0.242277399
9/25/2018,0.242277399
9/26/2018,0.241867214
9/27/2018,0.241662636
9/28/2018,0.241604254
9/29/2018,0.241604254
9/30/2018,0.241604254
10/1/2018,0.241954997
10/2/2018,0.241691858
10/3/2018,0.241604254
10/4/2018,0.241645128
10/5/2018,0.241254523
10/6/2018,0.241254523
10/7/2018,0.241254523
10/8/2018,0.241370976
10/9/2018,0.240419298
10/10/2018,0.240789801
10/11/2018,0.240934834
10/12/2018,0.240627557
10/13/2018,0.240627557
10/14/2018,0.240627557
10/15/2018,0.240847781
10/16/2018,0.240760803
10/17/2018,0.240905806
10/18/2018,0.240627557
10/19/2018,0.240171
10/20/2018,0.240171
10/21/2018,0.240171
10/22/2018,0.240587041
10/23/2018,0.240558088
10/24/2018,0.2403384
10/25/2018,0.24003841
10/26/2018,0.239992321
10/27/2018,0.239992321
10/28/2018,0.239992321
10/29/2018,0.239635766
10/30/2018,0.239406273
10/31/2018,0.239234462
11/1/2018,0.239120036
11/2/2018,0.239434943
11/3/2018,0.239434943
11/4/2018,0.239434943
11/5/2018,0.240384623
11/6/2018,0.239635766
11/7/2018,0.240182549
11/8/2018,0.241016135
11/9/2018,0.240269095
11/10/2018,0.240269095
11/11/2018,0.240269095
11/12/2018,0.239469334
11/13/2018,0.239148632
11/14/2018,0.238578066
11/15/2018,0.238435879
11/16/2018,0.238691971
11/17/2018,0.238691971
11/18/2018,0.238691971
11/19/2018,0.23866348
11/20/2018,0.2388345
11/21/2018,0.238748953
11/22/2018,0.23951523
11/23/2018,0.238464281
11/24/2018,0.238464281
11/25/2018,0.238464281
11/26/2018,0.238578066
11/27/2018,0.238920078
11/28/2018,0.238777444
11/29/2018,0.238237038
11/30/2018,0.23913148
12/1/2018,0.23913148
12/2/2018,0.23913148
12/3/2018,0.239234462
12/4/2018,0.240211383
12/5/2018,0.241254523
12/6/2018,0.240876779
12/7/2018,0.240280658
12/8/2018,0.240280658
12/9/2018,0.240280658
12/10/2018,0.2401537
12/11/2018,0.239750654
12/12/2018,0.23913148
12/13/2018,0.239177212
12/14/2018,0.239360422
12/15/2018,0.239360422
12/16/2018,0.239360422
12/17/2018,0.239091456
12/18/2018,0.239998087
12/19/2018,0.23854962
12/20/2018,0.239463598
12/21/2018,0.238669187
12/22/2018,0.238669187
12/23/2018,0.238669187
12/24/2018,0.239320323
12/25/2018,0.239670217
12/26/2018,0.239526689
12/27/2018,0.239549652
12/28/2018,0.239969283
12/29/2018,0.239969283
12/30/2018,0.239969283
12/31/2018,0.240905806
1/1/2019,0.242130741
1/2/2019,0.242160067
1/3/2019,0.241837949
1/4/2019,0.241545901
1/5/2019,0.241545901
1/6/2019,0.241545901
1/7/2019,0.242600664
1/8/2019,0.243172929
1/9/2019,0.243054718
1/10/2019,0.243813232
1/11/2019,0.244200259
1/12/2019,0.244200259
1/13/2019,0.244200259
1/14/2019,0.244289726
1/15/2019,0.244182348
1/16/2019,0.243724093
1/17/2019,0.243575677
1/18/2019,0.243308991
1/19/2019,0.243308991
1/20/2019,0.243308991
1/21/2019,0.243308991
1/22/2019,0.242618352
1/23/2019,0.241984263
1/24/2019,0.241867214
1/25/2019,0.24149923
1/26/2019,0.24149923
1/27/2019,0.24149923
1/28/2019,0.242718458
1/29/2019,0.243457079
1/30/2019,0.243783504
1/31/2019,0.244618401
2/1/2019,0.244259894
2/2/2019,0.244259894
2/3/2019,0.244259894
2/4/2019,0.244319573
2/5/2019,0.244828016
2/6/2019,0.244498774
2/7/2019,0.244833991
2/8/2019,0.24570024
2/9/2019,0.24570024
2/10/2019,0.24570024
2/11/2019,0.245941952
2/12/2019,0.24570024
2/13/2019,0.24570024
2/14/2019,0.24603273
2/15/2019,0.245549396
2/16/2019,0.245549396
2/17/2019,0.245549396
2/18/2019,0.244959936
2/19/2019,0.245260343
2/20/2019,0.245200202
2/21/2019,0.246062979
2/22/2019,0.245308474
2/23/2019,0.245308474
2/24/2019,0.245308474
2/25/2019,0.245338559
2/26/2019,0.246002451
2/27/2019,0.245923817
2/28/2019,0.246062979
3/1/2019,0.246062979
3/2/2019,0.246062979
3/3/2019,0.246062979
3/4/2019,0.245579571
3/5/2019,0.245308474
3/6/2019,0.24511607
3/7/2019,0.244738132
3/8/2019,0.244582489
3/9/2019,0.244582489
3/10/2019,0.244582489
3/11/2019,0.244588479
3/12/2019,0.244678259
3/13/2019,0.245218247
3/14/2019,0.244738132
3/15/2019,0.244618401
3/16/2019,0.244618401
3/17/2019,0.244618401
3/18/2019,0.244768098
3/19/2019,0.24539879
3/20/2019,0.24545902
3/21/2019,0.246396467
3/22/2019,0.247078314
3/23/2019,0.247078314
3/24/2019,0.247078314
3/25/2019,0.246153846
3/26/2019,0.245941952
3/27/2019,0.245573521
3/28/2019,0.2457546
3/29/2019,0.245368659
3/30/2019,0.245368659
3/31/2019,0.245368659
4/1/2019,0.245007962
4/2/2019,0.245170131
4/3/2019,0.244588479
4/4/2019,0.245308474
4/5/2019,0.245194182
4/6/2019,0.245194182
4/7/2019,0.245194182
4/8/2019,0.244947955
4/9/2019,0.244319573
4/10/2019,0.244409159
4/11/2019,0.24342154
4/12/2019,0.242400736
4/13/2019,0.242400736
4/14/2019,0.242400736
4/15/2019,0.243190661
4/16/2019,0.24314335
4/17/2019,0.242130741
4/18/2019,0.24191986
4/19/2019,0.240702853
4/20/2019,0.240702853
4/21/2019,0.240702853
4/22/2019,0.242130741
4/23/2019,0.242130741
4/24/2019,0.24239485
4/25/2019,0.242130741
4/26/2019,0.241149798
4/27/2019,0.241149798
4/28/2019,0.241149798
4/29/2019,0.242130741
4/30/2019,0.242054567
5/1/2019,0.24189648
5/2/2019,0.242107287
5/3/2019,0.241960838
5/4/2019,0.241960838
5/5/2019,0.241960838
5/6/2019,0.241370976
5/7/2019,0.241248697
5/8/2019,0.241091669
5/9/2019,0.241120741
5/10/2019,0.240373045
5/11/2019,0.240373045
5/12/2019,0.240373045
5/13/2019,0.240615964
5/14/2019,0.240465552
5/15/2019,0.239923209
5/16/2019,0.239750654
5/17/2019,0.2401537
5/18/2019,0.2401537
5/19/2019,0.2401537
5/20/2019,0.239578351
5/21/2019,0.2395726
5/22/2019,0.2395726
5/23/2019,0.239068598
5/24/2019,0.238691971
5/25/2019,0.238691971
5/26/2019,0.238691971
5/27/2019,0.23900573
5/28/2019,0.239000022
5/29/2019,0.238891557
5/30/2019,0.238492742
5/31/2019,0.23900573
6/1/2019,0.23900573
6/2/2019,0.23900573
6/3/2019,0.238686278
6/4/2019,0.239291698
6/5/2019,0.24003841
6/6/2019,0.239664465
6/7/2019,0.241167247
6/8/2019,0.241167247
6/9/2019,0.241167247
6/10/2019,0.241225421
6/11/2019,0.24035573
6/12/2019,0.24032107
6/13/2019,0.240558088
6/14/2019,0.240378842
6/15/2019,0.240378842
6/16/2019,0.240378842
6/17/2019,0.240096048
6/18/2019,0.239463598
6/19/2019,0.240263343
6/20/2019,0.239744902
6/21/2019,0.241225421
6/22/2019,0.241225421
6/23/2019,0.241225421
6/24/2019,0.241873071
6/25/2019,0.241721049
6/26/2019,0.242336109
6/27/2019,0.241791189
6/28/2019,0.241545901
6/29/2019,0.241545901
6/30/2019,0.241545901
7/1/2019,0.242477134
7/2/2019,0.242089719
7/3/2019,0.241545901
7/4/2019,0.241832122
7/5/2019,0.242130741
7/6/2019,0.242130741
7/7/2019,0.242130741
7/8/2019,0.241954997
7/9/2019,0.241954997
7/10/2019,0.241586745
7/11/2019,0.2421249
7/12/2019,0.243013382
7/13/2019,0.243013382
7/14/2019,0.243013382
7/15/2019,0.243285313
7/16/2019,0.243854851
7/17/2019,0.243587554
7/18/2019,0.243362308
7/19/2019,0.243599415
7/20/2019,0.243599415
7/21/2019,0.243599415
7/22/2019,0.243362308
7/23/2019,0.243279412
7/24/2019,0.242983848
7/25/2019,0.242924824
7/26/2019,0.243131533
7/27/2019,0.243131533
7/28/2019,0.243131533
7/29/2019,0.242895305
7/30/2019,0.242812738
7/31/2019,0.242571265
8/1/2019,0.242830426
8/2/2019,0.241516724
8/3/2019,0.241516724
8/4/2019,0.241516724
8/5/2019,0.240720227
8/6/2019,0.239434943
8/7/2019,0.238646403
8/8/2019,0.237868696
8/9/2019,0.239085734
8/10/2019,0.239085734
8/11/2019,0.239085734
8/12/2019,0.239120036
8/13/2019,0.238129258
8/14/2019,0.238948628
8/15/2019,0.238805965
8/16/2019,0.238691971
8/17/2019,0.238691971
8/18/2019,0.238691971
8/19/2019,0.23951523
8/20/2019,0.23973918
8/21/2019,0.239343241
8/22/2019,0.239664465
8/23/2019,0.238914385
8/24/2019,0.238914385
8/25/2019,0.238914385
8/26/2019,0.23866348
8/27/2019,0.238185972
8/28/2019,0.238095254
8/29/2019,0.237416908
8/30/2019,0.237219796
8/31/2019,0.237219796
9/1/2019,0.237219796
9/2/2019,0.237925291
9/3/2019,0.237017378
9/4/2019,0.237716034
9/5/2019,0.238635018
9/6/2019,0.238714769
9/7/2019,0.238714769
9/8/2019,0.238714769
9/9/2019,0.239348978
9/10/2019,0.240222931
9/11/2019,0.2401537
9/12/2019,0.239463598
9/13/2019,0.240090266
9/14/2019,0.240090266
9/15/2019,0.240090266
9/16/2019,0.24003841
9/17/2019,0.240297973
9/18/2019,0.238948628
9/19/2019,0.239091456
9/20/2019,0.238817364
9/21/2019,0.238817364
9/22/2019,0.238817364
9/23/2019,0.239664465
9/24/2019,0.23951523
9/25/2019,0.239630014
9/26/2019,0.238720447
9/27/2019,0.238948628
9/28/2019,0.238948628
9/29/2019,0.238948628
9/30/2019,0.238635018
10/1/2019,0.238971472
10/2/2019,0.23866348
10/3/2019,0.238948628
10/4/2019,0.238977164
10/5/2019,0.238977164
10/6/2019,0.238977164
10/7/2019,0.239120036
10/8/2019,0.23866348
10/9/2019,0.238606542
10/10/2019,0.238379017
10/11/2019,0.238863006
10/12/2019,0.238863006
10/13/2019,0.238863006
10/14/2019,0.239234462
10/15/2019,0.238920078
10/16/2019,0.238720447
10/17/2019,0.238771766
10/18/2019,0.239406273
10/19/2019,0.239406273
10/20/2019,0.239406273
10/21/2019,0.239062876
10/22/2019,0.239234462
10/23/2019,0.238891557
10/24/2019,0.238960043
10/25/2019,0.239091456
10/26/2019,0.239091456
10/27/2019,0.239091456
10/28/2019,0.23903431
10/29/2019,0.23917152
10/30/2019,0.2392001
10/31/2019,0.23951523
11/1/2019,0.239446402
11/2/2019,0.239446402
11/3/2019,0.239446402
11/4/2019,0.240269095
11/5/2019,0.241103277
11/6/2019,0.242248073
11/7/2019,0.241867214
11/8/2019,0.241867214
11/9/2019,0.241867214
11/10/2019,0.241867214
11/11/2019,0.242101446
11/12/2019,0.241487578
11/13/2019,0.241545901
11/14/2019,0.240905806
11/15/2019,0.240384623
11/16/2019,0.240384623
11/17/2019,0.240384623
11/18/2019,0.240934834
11/19/2019,0.240789801
11/20/2019,0.240668103
11/21/2019,0.240211383
11/22/2019,0.239980817
11/23/2019,0.239980817
11/24/2019,0.239980817
11/25/2019,0.239808142
11/26/2019,0.239463598
11/27/2019,0.239836916
11/28/2019,0.239836916
11/29/2019,0.239693195
11/30/2019,0.239693195
12/1/2019,0.239693195
12/2/2019,0.239520952
12/3/2019,0.239446402
12/4/2019,0.239635766
12/5/2019,0.239607036
12/6/2019,0.239980817
12/7/2019,0.239980817
12/8/2019,0.239980817
12/9/2019,0.240500242
12/10/2019,0.240442425
12/11/2019,0.240384623
12/12/2019,0.240269095
12/13/2019,0.240523383
12/14/2019,0.240523383
12/15/2019,0.240523383
12/16/2019,0.242013559
12/17/2019,0.241545901
12/18/2019,0.241604254
12/19/2019,0.241721049
12/20/2019,0.241604254
12/21/2019,0.241604254
12/22/2019,0.241604254
12/23/2019,0.241691858
12/24/2019,0.241545901
12/25/2019,0.24189648
12/26/2019,0.24189648
12/27/2019,0.242130741
12/28/2019,0.242130741
12/29/2019,0.242130741
12/30/2019,0.24242425
12/31/2019,0.243486732
1/1/2020,0.244618401
1/2/2020,0.244618401
1/3/2020,0.244798034
1/4/2020,0.244798034
1/5/2020,0.244798034
1/6/2020,0.243902445
1/7/2020,0.243902445
1/8/2020,0.244534656
1/9/2020,0.243961945
1/10/2020,0.244618401
1/11/2020,0.244618401
1/12/2020,0.244618401
1/13/2020,0.245452985
1/14/2020,0.246426806
1/15/2020,0.24560973
1/16/2020,0.24570024
1/17/2020,0.246184155
1/18/2020,0.246184155
1/19/2020,0.246184155
1/20/2020,0.246755168
1/21/2020,0.246487543
1/22/2020,0.2457546
1/23/2020,0.246147782
1/24/2020,0.245579571
1/25/2020,0.245579571
1/26/2020,0.245579571
1/27/2020,0.246123537
1/28/2020,0.24603273
1/29/2020,0.244887963
1/30/2020,0.245212212
1/31/2020,0.244857982
2/1/2020,0.244857982
2/2/2020,0.244857982
2/3/2020,0.244283766
2/4/2020,0.243101969
2/5/2020,0.24342747
2/6/2020,0.242859915
2/7/2020,0.242718458
2/8/2020,0.242718458
2/9/2020,0.242718458
2/10/2020,0.241598412
2/11/2020,0.241248697
2/12/2020,0.242095575
2/13/2020,0.241545901
2/14/2020,0.241575062
2/15/2020,0.241575062
2/16/2020,0.241575062
2/17/2020,0.241604254
2/18/2020,0.241400123
2/19/2020,0.240818769
2/20/2020,0.24035573
2/21/2020,0.239343241
2/22/2020,0.239343241
2/23/2020,0.239343241
2/24/2020,0.238857299
2/25/2020,0.236826539
2/26/2020,0.23629491
2/27/2020,0.236820921
2/28/2020,0.237614363
2/29/2020,0.237614363
3/1/2020,0.237614363
3/2/2020,0.237473279
3/3/2020,0.238089576
3/4/2020,0.237484559
3/5/2020,0.239348978
3/6/2020,0.240442425
3/7/2020,0.240442425
3/8/2020,0.240442425
3/9/2020,0.23980239
3/10/2020,0.237247914
3/11/2020,0.236266971
3/12/2020,0.235571265
3/13/2020,0.234192044
3/14/2020,0.234192044
3/15/2020,0.234192044
3/16/2020,0.233863428
3/17/2020,0.232228711
3/18/2020,0.229964361
3/19/2020,0.228780612
3/20/2020,0.226623759
3/21/2020,0.226623759
3/22/2020,0.226623759
3/23/2020,0.227686688
3/24/2020,0.225225225
3/25/2020,0.225835592
3/26/2020,0.227920234
3/27/2020,0.230946884
3/28/2020,0.230946884
3/29/2020,0.230946884
3/30/2020,0.231481478
3/31/2020,0.230893567
4/1/2020,0.23201856
4/2/2020,0.229615837
4/3/2020,0.229594752
4/4/2020,0.229594752
4/5/2020,0.229594752
4/6/2020,0.229568407
4/7/2020,0.229305208
4/8/2020,0.23068051
4/9/2020,0.230282083
4/10/2020,0.231615514
4/11/2020,0.231615514
4/12/2020,0.231615514
4/13/2020,0.232261062
4/14/2020,0.231155083
4/15/2020,0.230946884
4/16/2020,0.230388209
4/17/2020,0.228728265
4/18/2020,0.228728265
4/19/2020,0.228728265
4/20/2020,0.228963941
4/21/2020,0.228728265
4/22/2020,0.227634862
4/23/2020,0.228979677
4/24/2020,0.229473591
4/25/2020,0.229473591
4/26/2020,0.229473591
4/27/2020,0.229515731
4/28/2020,0.229594752
4/29/2020,0.22941041
4/30/2020,0.230335146
5/1/2020,0.232937321
5/2/2020,0.232937321
5/3/2020,0.232937321
5/4/2020,0.232796356
5/5/2020,0.231749713
5/6/2020,0.232558131
5/7/2020,0.231374368
5/8/2020,0.231374368
5/9/2020,0.231374368
5/10/2020,0.231374368
5/11/2020,0.230866909
5/12/2020,0.230866909
5/13/2020,0.231160417
5/14/2020,0.231053606
5/15/2020,0.230520993
5/16/2020,0.230520993
5/17/2020,0.230520993
5/18/2020,0.229927361
5/19/2020,0.229747728
5/20/2020,0.230091348
5/21/2020,0.230096623
5/22/2020,0.230202585
5/23/2020,0.230202585
5/24/2020,0.230202585
5/25/2020,0.229305208
5/26/2020,0.229305208
5/27/2020,0.229305208
5/28/2020,0.229990795
5/29/2020,0.229990795
5/30/2020,0.229990795
5/31/2020,0.229990795
6/1/2020,0.230308607
6/2/2020,0.231910959
6/3/2020,0.234054998
6/4/2020,0.235045254
6/5/2020,0.234164611
6/6/2020,0.234164611
6/7/2020,0.234164611
6/8/2020,0.234466597
6/9/2020,0.234879613
6/10/2020,0.234027624
6/11/2020,0.235349491
6/12/2020,0.235460311
6/13/2020,0.235460311
6/14/2020,0.235460311
6/15/2020,0.234301776
6/16/2020,0.23383607
6/17/2020,0.23391813
6/18/2020,0.233754098
6/19/2020,0.233890787
6/20/2020,0.233890787
6/21/2020,0.233890787
6/22/2020,0.234466597
6/23/2020,0.234164611
6/24/2020,0.233863428
6/25/2020,0.233863428
6/26/2020,0.23383607
6/27/2020,0.23383607
6/28/2020,0.23383607
6/29/2020,0.233181775
6/30/2020,0.233508483
7/1/2020,0.233535722
7/2/2020,0.233426705
7/3/2020,0.233481199
7/4/2020,0.233481199
7/5/2020,0.233481199
7/6/2020,0.233372241
7/7/2020,0.23391813
7/8/2020,0.234027624
7/9/2020,0.234356686
7/10/2020,0.234686688
7/11/2020,0.234686688
7/12/2020,0.234686688
7/13/2020,0.234494075
7/14/2020,0.23460412
7/15/2020,0.234301776
7/16/2020,0.234741777
7/17/2020,0.234439105
7/18/2020,0.234439105
7/19/2020,0.234439105
7/20/2020,0.23460412
7/21/2020,0.234852046
7/22/2020,0.234796911
7/23/2020,0.235266432
7/24/2020,0.235072866
7/25/2020,0.235072866
7/26/2020,0.235072866
7/27/2020,0.234741777
7/28/2020,0.235294119
7/29/2020,0.235349491
7/30/2020,0.235821247
7/31/2020,0.23601605
8/1/2020,0.23601605
8/2/2020,0.23601605
8/3/2020,0.23601605
8/4/2020,0.236826539
8/5/2020,0.237022996
8/6/2020,0.238521159
8/7/2020,0.238891557
8/8/2020,0.238891557
8/9/2020,0.238891557
8/10/2020,0.238948628
8/11/2020,0.238492742
8/12/2020,0.238521159
8/13/2020,0.238606542
8/14/2020,0.238720447
8/15/2020,0.238720447
8/16/2020,0.238720447
8/17/2020,0.238777444
8/18/2020,0.238720447
8/19/2020,0.239205837
8/20/2020,0.239808142
8/21/2020,0.239808142
8/22/2020,0.239808142
8/23/2020,0.239808142
8/24/2020,0.239377633
8/25/2020,0.239635766
8/26/2020,0.239980817
8/27/2020,0.239980817
8/28/2020,0.239808142
8/29/2020,0.239808142
8/30/2020,0.239808142
8/31/2020,0.240211383
9/1/2020,0.239923209
9/2/2020,0.241254523
9/3/2020,0.241341874
9/4/2020,0.241254523
9/5/2020,0.241254523
9/6/2020,0.241254523
9/7/2020,0.241138175
9/8/2020,0.24067387
9/9/2020,0.240096048
9/10/2020,0.239865661
9/11/2020,0.240269095
9/12/2020,0.240269095
9/13/2020,0.240269095
9/14/2020,0.240876779
9/15/2020,0.241341874
9/16/2020,0.242248073
9/17/2020,0.242248073
9/18/2020,0.241721049
9/19/2020,0.241721049
9/20/2020,0.241721049
9/21/2020,0.243190661
9/22/2020,0.242718458
9/23/2020,0.242013559
9/24/2020,0.242718458
9/25/2020,0.24003841
9/26/2020,0.24003841
9/27/2020,0.24003841
9/28/2020,0.239865661
9/29/2020,0.239635766
9/30/2020,0.24067387
10/1/2020,0.240818769
10/2/2020,0.241080046
10/3/2020,0.241080046
10/4/2020,0.241080046
10/5/2020,0.240269095
10/6/2020,0.240992904
10/7/2020,0.240963846
10/8/2020,0.24067387
10/9/2020,0.240963846
10/10/2020,0.240963846
10/11/2020,0.240963846
10/12/2020,0.241400123
10/13/2020,0.241341874
10/14/2020,0.241545901
10/15/2020,0.241080046
10/16/2020,0.240789801
10/17/2020,0.240789801
10/18/2020,0.240789801
10/19/2020,0.241138175
10/20/2020,0.241196334
10/21/2020,0.241138175
10/22/2020,0.241487578
10/23/2020,0.241458416
10/24/2020,0.241458416
10/25/2020,0.241458416
10/26/2020,0.24067387
10/27/2020,0.240211383
10/28/2020,0.240384623
10/29/2020,0.240731835
10/30/2020,0.240702853
10/31/2020,0.240702853
11/1/2020,0.240702853
11/2/2020,0.240963846
11/3/2020,0.24067387
11/4/2020,0.240731835
11/5/2020,0.240067214
11/6/2020,0.241370976
11/7/2020,0.241370976
11/8/2020,0.241370976
11/9/2020,0.242365494
11/10/2020,0.24360536
11/11/2020,0.24360536
11/12/2020,0.242306769
11/13/2020,0.242248073
11/14/2020,0.242248073
11/15/2020,0.242248073
11/16/2020,0.242659554
11/17/2020,0.243013382
11/18/2020,0.243753806
11/19/2020,0.244768098
11/20/2020,0.24408102
11/21/2020,0.24408102
11/22/2020,0.24408102
11/23/2020,0.244498774
11/24/2020,0.244618401
11/25/2020,0.244798034
11/26/2020,0.244798034
11/27/2020,0.246002451
11/28/2020,0.246002451
11/29/2020,0.246002451
11/30/2020,0.245881498
12/1/2020,0.24560973
12/2/2020,0.245549396
12/3/2020,0.24551928
12/4/2020,0.246153846
12/5/2020,0.246153846
12/6/2020,0.246153846
12/7/2020,0.246426806
12/8/2020,0.24570024
12/9/2020,0.24570024
12/10/2020,0.246123537
12/11/2020,0.246517941
12/12/2020,0.246517941
12/13/2020,0.246517941
12/14/2020,0.246913567
12/15/2020,0.246852621
12/16/2020,0.246730819
12/17/2020,0.246974573
12/18/2020,0.247954383
12/19/2020,0.247954383
12/20/2020,0.247954383
12/21/2020,0.247647345
12/22/2020,0.247647345
12/23/2020,0.246366099
12/24/2020,0.246244773
12/25/2020,0.246366099
12/26/2020,0.246366099
12/27/2020,0.246366099
12/28/2020,0.246426806
12/29/2020,0.247066081
12/30/2020,0.247035578
12/31/2020,0.247831479
1/1/2021,0.248756215
1/2/2021,0.248756215
1/3/2021,0.248756215
1/4/2021,0.248756215
1/5/2021,0.249750242
1/6/2021,0.24906601
1/7/2021,0.249501005
1/8/2021,0.247678027
1/9/2021,0.247678027
1/10/2021,0.247678027
1/11/2021,0.248138949
1/12/2021,0.247218788
1/13/2021,0.246761277
1/14/2021,0.247402281
1/15/2021,0.247770086
1/16/2021,0.247770086
1/17/2021,0.247770086
1/18/2021,0.247892916
1/19/2021,0.247157693
1/20/2021,0.24718824
1/21/2021,0.247341067
1/22/2021,0.248262167
1/23/2021,0.248262167
1/24/2021,0.248262167
1/25/2021,0.247494116
1/26/2021,0.247341067
1/27/2021,0.247127131
1/28/2021,0.247279912
1/29/2021,0.247279912
1/30/2021,0.247279912
1/31/2021,0.247279912
2/1/2021,0.247524753
2/2/2021,0.247524753
2/3/2021,0.247341067
2/4/2021,0.246974573
2/5/2021,0.24654831
2/6/2021,0.24654831
2/7/2021,0.24654831
2/8/2021,0.245821059
2/9/2021,0.246123537
2/10/2021,0.247127131
2/11/2021,0.247432873
2/12/2021,0.247524753
2/13/2021,0.247524753
2/14/2021,0.247524753
2/15/2021,0.247524753
2/16/2021,0.247954383
2/17/2021,0.248292983
2/18/2021,0.247708678
2/19/2021,0.247555375
2/20/2021,0.247555375
2/21/2021,0.247555375
2/22/2021,0.247831479
2/23/2021,0.247555375
2/24/2021,0.247463509
2/25/2021,0.247524753
2/26/2021,0.247708678
2/27/2021,0.247708678
2/28/2021,0.247708678
3/1/2021,0.246791705
3/2/2021,0.246609136
3/3/2021,0.24654831
3/4/2021,0.246883109
3/5/2021,0.246609136
3/6/2021,0.246609136
3/7/2021,0.246609136
3/8/2021,0.245579571
3/9/2021,0.24360536
3/10/2021,0.243042901
3/11/2021,0.24242425
3/12/2021,0.24360536
3/13/2021,0.24360536
3/14/2021,0.24360536
3/15/2021,0.242954314
3/16/2021,0.243308991
3/17/2021,0.243220255
3/18/2021,0.242777377
3/19/2021,0.243368208
3/20/2021,0.243368208
3/21/2021,0.243368208
3/22/2021,0.24360536
3/23/2021,0.243279412
3/24/2021,0.242718458
3/25/2021,0.242160067
3/26/2021,0.241312742
3/27/2021,0.241312742
3/28/2021,0.241312742
3/29/2021,0.241312742
3/30/2021,0.241604254
3/31/2021,0.241021916
4/1/2021,0.241312742
4/2/2021,0.241312742
4/3/2021,0.241312742
4/4/2021,0.241312742
4/5/2021,0.241691858
4/6/2021,0.241545901
4/7/2021,0.242189378
4/8/2021,0.242189378
4/9/2021,0.241837949
4/10/2021,0.241837949
4/11/2021,0.241837949
4/12/2021,0.241984263
4/13/2021,0.242101446
4/14/2021,0.242013559
4/15/2021,0.242306769
4/16/2021,0.242541835
4/17/2021,0.242541835
4/18/2021,0.242541835
4/19/2021,0.242512435
4/20/2021,0.242659554
4/21/2021,0.243161082
4/22/2021,0.242806837
4/23/2021,0.243320853
4/24/2021,0.243320853
4/25/2021,0.243320853
4/26/2021,0.243486732
4/27/2021,0.244110838
4/28/2021,0.244200259
4/29/2021,0.243902445
4/30/2021,0.243902445
5/1/2021,0.243902445
5/2/2021,0.243902445
5/3/2021,0.244319573
5/4/2021,0.243783504
5/5/2021,0.242718458
5/6/2021,0.243013382
5/7/2021,0.242747903
5/8/2021,0.242747903
5/9/2021,0.242747903
5/10/2021,0.243308991
5/11/2021,0.24360536
5/12/2021,0.242954314
5/13/2021,0.242541835
5/14/2021,0.242541835
5/15/2021,0.242541835
5/16/2021,0.242541835
5/17/2021,0.242218718
5/18/2021,0.242277399
5/19/2021,0.242600664
5/20/2021,0.241837949
5/21/2021,0.24163343
5/22/2021,0.24163343
5/23/2021,0.24163343
5/24/2021,0.24163343
5/25/2021,0.241254523
5/26/2021,0.241545901
5/27/2021,0.241545901
5/28/2021,0.241721049
5/29/2021,0.241721049
5/30/2021,0.241721049
5/31/2021,0.242072135
6/1/2021,0.242600664
6/2/2021,0.24248302
6/3/2021,0.242571265
6/4/2021,0.242688984
6/5/2021,0.242688984
6/6/2021,0.242688984
6/7/2021,0.24239485
6/8/2021,0.242365494
6/9/2021,0.242865831
6/10/2021,0.242954314
6/11/2021,0.242836326
6/12/2021,0.242836326
6/13/2021,0.242836326
6/14/2021,0.243279412
6/15/2021,0.243161082
6/16/2021,0.243042901
6/17/2021,0.243013382
6/18/2021,0.241691858
6/19/2021,0.241691858
6/20/2021,0.241691858
6/21/2021,0.241750285
6/22/2021,0.241370976
6/23/2021,0.240442425
6/24/2021,0.240500242
6/25/2021,0.24067387
6/26/2021,0.24067387
6/27/2021,0.24067387
6/28/2021,0.240760803
6/29/2021,0.241341874
6/30/2021,0.240992904
7/1/2021,0.241021916
7/2/2021,0.240615964
7/3/2021,0.240615964
7/4/2021,0.240615964
7/5/2021,0.240326852
7/6/2021,0.240760803
7/7/2021,0.241254523
7/8/2021,0.240384623
7/9/2021,0.239291698
7/10/2021,0.239291698
7/11/2021,0.239291698
7/12/2021,0.238777444
7/13/2021,0.238777444
7/14/2021,0.238635018
7/15/2021,0.238208666
7/16/2021,0.238208666
7/17/2021,0.238208666
7/18/2021,0.238208666
7/19/2021,0.237699091
7/20/2021,0.236854568
7/21/2021,0.236854568
7/22/2021,0.236322805
7/23/2021,0.236938745
7/24/2021,0.236938745
7/25/2021,0.236938745
7/26/2021,0.236742422
7/27/2021,0.236406624
7/28/2021,0.236406624
7/29/2021,0.236350745
7/30/2021,0.236071765
7/31/2021,0.236071765
8/1/2021,0.236071765
8/2/2021,0.237022996
8/3/2021,0.236826539
8/4/2021,0.236350745
8/5/2021,0.236994907
8/6/2021,0.237247914
8/7/2021,0.237247914
8/8/2021,0.237247914
8/9/2021,0.237022996
8/10/2021,0.236630395
8/11/2021,0.236630395
8/12/2021,0.236266971
8/13/2021,0.23637867
8/14/2021,0.23637867
8/15/2021,0.23637867
8/16/2021,0.236127496
8/17/2021,0.236127496
8/18/2021,0.236099645
8/19/2021,0.236099645
8/20/2021,0.236071765
8/21/2021,0.236071765
8/22/2021,0.236071765
8/23/2021,0.236127496
8/24/2021,0.236742422
8/25/2021,0.23713541
8/26/2021,0.237981901
8/27/2021,0.238504097
8/28/2021,0.238504097
8/29/2021,0.238504097
8/30/2021,0.238805965
8/31/2021,0.240702853
9/1/2021,0.24067387
9/2/2021,0.240888402
9/3/2021,0.240644932
9/4/2021,0.240644932
9/5/2021,0.240644932
9/6/2021,0.241312742
9/7/2021,0.241225421
9/8/2021,0.240789801
9/9/2021,0.240847781
9/10/2021,0.241225421
9/11/2021,0.241225421
9/12/2021,0.241225421
9/13/2021,0.24189648
9/14/2021,0.241254523
9/15/2021,0.240384623
9/16/2021,0.240615964
9/17/2021,0.240644932
9/18/2021,0.240644932
9/19/2021,0.240644932
9/20/2021,0.239836916
9/21/2021,0.23866348
9/22/2021,0.23900573
9/23/2021,0.238606542
9/24/2021,0.239234462
9/25/2021,0.239234462
9/26/2021,0.239234462
9/27/2021,0.238891557
9/28/2021,0.238805965
9/29/2021,0.239234462
9/30/2021,0.239102885
10/1/2021,0.23900573
10/2/2021,0.23900573
10/3/2021,0.23900573
10/4/2021,0.239406273
10/5/2021,0.239693195
10/6/2021,0.239377633
10/7/2021,0.239062876
10/8/2021,0.239177212
10/9/2021,0.239177212
10/10/2021,0.239177212
10/11/2021,0.239320323
10/12/2021,0.239952013
10/13/2021,0.240211383
10/14/2021,0.24052918
10/15/2021,0.240818769
10/16/2021,0.240818769
10/17/2021,0.240818769
10/18/2021,0.240644932
10/19/2021,0.239836916
10/20/2021,0.239836916
10/21/2021,0.240644932
10/22/2021,0.240615964
10/23/2021,0.240615964
10/24/2021,0.240615964
10/25/2021,0.241109103
10/26/2021,0.241021916
10/27/2021,0.241254523
10/28/2021,0.240789801
10/29/2021,0.241080046
10/30/2021,0.241080046
10/31/2021,0.241080046
11/1/2021,0.241604254
11/2/2021,0.240963846
11/3/2021,0.241196334
11/4/2021,0.240905806
11/5/2021,0.240847781
11/6/2021,0.240847781
11/7/2021,0.240847781
11/8/2021,0.240500242
11/9/2021,0.240818769
11/10/2021,0.241138175
11/11/2021,0.240905806
11/12/2021,0.240211383
11/13/2021,0.240211383
11/14/2021,0.240211383
11/15/2021,0.240905806
11/16/2021,0.240442425
11/17/2021,0.240124851
11/18/2021,0.239721909
11/19/2021,0.239234462
11/20/2021,0.239234462
11/21/2021,0.239234462
11/22/2021,0.239177212
11/23/2021,0.239062876
11/24/2021,0.238492742
11/25/2021,0.237642571
11/26/2021,0.236574396
11/27/2021,0.236574396
11/28/2021,0.236574396
11/29/2021,0.23601605
11/30/2021,0.236071765
12/1/2021,0.237953603
12/2/2021,0.237107277
12/3/2021,0.236546427
12/4/2021,0.236546427
12/5/2021,0.236546427
12/6/2021,0.236462519
12/7/2021,0.236406624
12/8/2021,0.236434579
12/9/2021,0.237079188
12/10/2021,0.237247914
12/11/2021,0.237247914
12/12/2021,0.237247914
12/13/2021,0.237529695
12/14/2021,0.236854568
12/15/2021,0.236350745
12/16/2021,0.236518443
12/17/2021,0.237868696
12/18/2021,0.237868696
12/19/2021,0.237868696
12/20/2021,0.237191647
12/21/2021,0.236686394
12/22/2021,0.237699091
12/23/2021,0.237473279
12/24/2021,0.238208666
12/25/2021,0.238208666
12/26/2021,0.238208666
12/27/2021,0.238521159
12/28/2021,0.239177212
12/29/2021,0.239320323
12/30/2021,0.239263058
12/31/2021,0.239721909
1/1/2022,0.239721909
1/2/2022,0.239721909
1/3/2022,0.239520952
1/4/2022,0.239808142
1/5/2022,0.23900573
1/6/2022,0.23854962
1/7/2022,0.237473279
1/8/2022,0.237473279
1/9/2022,0.237473279
1/10/2022,0.237699091
1/11/2022,0.238208666
1/12/2022,0.23866348
1/13/2022,0.23903431
1/14/2022,0.239520952
1/15/2022,0.239520952
1/16/2022,0.239520952
1/17/2022,0.239520952
1/18/2022,0.239177212
1/19/2022,0.239177212
1/20/2022,0.238606542
1/21/2022,0.2388345
1/22/2022,0.2388345
1/23/2022,0.2388345
1/24/2022,0.238948628
1/25/2022,0.238863006
1/26/2022,0.238777444
1/27/2022,0.23866348
1/28/2022,0.238379017
1/29/2022,0.238379017
1/30/2022,0.238379017
1/31/2022,0.238777444
2/1/2022,0.23900573
2/2/2022,0.23900573
2/3/2022,0.239177212
2/4/2022,0.239120036
2/5/2022,0.239120036
2/6/2022,0.239120036
2/7/2022,0.239348978
2/8/2022,0.23903431
2/9/2022,0.239102885
2/10/2022,0.239062876
2/11/2022,0.239120036
2/12/2022,0.239120036
2/13/2022,0.239120036
2/14/2022,0.238777444
2/15/2022,0.238777444
2/16/2022,0.239017144
2/17/2022,0.23903431
2/18/2022,0.238948628
2/19/2022,0.238948628
2/20/2022,0.238948628
2/21/2022,0.23900573
2/22/2022,0.239406273
2/23/2022,0.239062876
2/24/2022,0.23900573
2/25/2022,0.238180295
2/26/2022,0.238180295
2/27/2022,0.238180295
2/28/2022,0.238180295
3/1/2022,0.238322213
3/2/2022,0.238635018
3/3/2022,0.238492742
3/4/2022,0.23900573
3/5/2022,0.23900573
3/6/2022,0.23900573
3/7/2022,0.239463598
3/8/2022,0.239549652
3/9/2022,0.239234462
3/10/2022,0.238948628
3/11/2022,0.238891557
3/12/2022,0.238891557
3/13/2022,0.238891557
3/14/2022,0.23854962
3/15/2022,0.237953603
3/16/2022,0.237812132
3/17/2022,0.23866348
3/18/2022,0.238379017
3/19/2022,0.238379017
3/20/2022,0.238379017
3/21/2022,0.238606542
3/22/2022,0.237953603
3/23/2022,0.237247914
3/24/2022,0.236854568
3/25/2022,0.236742422
3/26/2022,0.236742422
3/27/2022,0.236742422
3/28/2022,0.237642571
3/29/2022,0.237304211
3/30/2022,0.237416908
3/31/2022,0.237953603
4/1/2022,0.237925291
4/2/2022,0.237925291
4/3/2022,0.237925291
4/4/2022,0.237642571
4/5/2022,0.237247914
4/6/2022,0.237586126
4/7/2022,0.237360567
4/8/2022,0.237202913
4/9/2022,0.237202913
4/10/2022,0.237202913
4/11/2022,0.237022996
4/12/2022,0.236518443
4/13/2022,0.23637867
4/14/2022,0.236462519
4/15/2022,0.236406624
4/16/2022,0.236406624
4/17/2022,0.236406624
4/18/2022,0.236239091
4/19/2022,0.235183448
4/20/2022,0.235128164
4/21/2022,0.233699471
4/22/2022,0.233181775
4/23/2022,0.233181775
4/24/2022,0.233181775
4/25/2022,0.231347591
4/26/2022,0.229621127
4/27/2022,0.231347591
4/28/2022,0.229489386
4/29/2022,0.229278922
4/30/2022,0.229278922
5/1/2022,0.229278922
5/2/2022,0.229832232
5/3/2022,0.229779392
5/4/2022,0.229779392
5/5/2022,0.229779392
5/6/2022,0.23001726
5/7/2022,0.23001726
5/8/2022,0.23001726
5/9/2022,0.228963941
5/10/2022,0.228258386
5/11/2022,0.228336573
5/12/2022,0.228623688
5/13/2022,0.227738574
5/14/2022,0.227738574
5/15/2022,0.227738574
5/16/2022,0.227505401
5/17/2022,0.227505401
5/18/2022,0.228180259
5/19/2022,0.227608979
5/20/2022,0.227272719
5/21/2022,0.227272719
5/22/2022,0.227272719
5/23/2022,0.227972195
5/24/2022,0.227946207
5/25/2022,0.227634862
5/26/2022,0.227634862
5/27/2022,0.227505401
5/28/2022,0.227505401
5/29/2022,0.227505401
5/30/2022,0.22849308
5/31/2022,0.229158074
6/1/2022,0.228519201
6/2/2022,0.228284448
6/3/2022,0.227842331
6/4/2022,0.227842331
6/5/2022,0.227842331
6/6/2022,0.227868274
6/7/2022,0.227842331
6/8/2022,0.227634862
6/9/2022,0.227712631
6/10/2022,0.227738574
6/11/2022,0.227738574
6/12/2022,0.227738574
6/13/2022,0.227298558
6/14/2022,0.226449281
6/15/2022,0.226244345
6/16/2022,0.226705968
6/17/2022,0.227272719
6/18/2022,0.227272719
6/19/2022,0.227272719
6/20/2022,0.227298558
6/21/2022,0.227324381
6/22/2022,0.227479532
6/23/2022,0.227117881
6/24/2022,0.227066308
6/25/2022,0.227066308
6/26/2022,0.227066308
6/27/2022,0.227298558
6/28/2022,0.227195263
6/29/2022,0.227557182
6/30/2022,0.227412283
7/1/2022,0.22701475
7/2/2022,0.22701475
7/3/2022,0.22701475
7/4/2022,0.227040529
7/5/2022,0.226731658
7/6/2022,0.226398021
7/7/2022,0.226142019
7/8/2022,0.225963175
7/9/2022,0.225963175
7/10/2022,0.225963175
7/11/2022,0.226014242
7/12/2022,0.226014242
7/13/2022,0.225504562
7/14/2022,0.225504562
7/15/2022,0.225149155
7/16/2022,0.225149155
7/17/2022,0.225149155
7/18/2022,0.224895999
7/19/2022,0.22469385
7/20/2022,0.224845409
7/21/2022,0.22474435
7/22/2022,0.224492073
7/23/2022,0.224492073
7/24/2022,0.224492073
7/25/2022,0.22474435
7/26/2022,0.224668607
7/27/2022,0.224542499
7/28/2022,0.224416524
7/29/2022,0.224719107
7/30/2022,0.224719107
7/31/2022,0.224719107
8/1/2022,0.224820152
8/2/2022,0.224719107
8/3/2022,0.224567696
8/4/2022,0.224416524
8/5/2022,0.224416524
8/6/2022,0.224416524
8/7/2022,0.224416524
8/8/2022,0.224542499
8/9/2022,0.224391341
8/10/2022,0.224567696
8/11/2022,0.22446689
8/12/2022,0.225073159
8/13/2022,0.225073159
8/14/2022,0.225073159
8/15/2022,0.225133955
8/16/2022,0.224366173
8/17/2022,0.224014327
8/18/2022,0.223939091
8/19/2022,0.22361359
8/20/2022,0.22361359
8/21/2022,0.22361359
8/22/2022,0.223513633
8/23/2022,0.223089784
8/24/2022,0.222702265
8/25/2022,0.222890899
8/26/2022,0.223713651
8/27/2022,0.223713651
8/28/2022,0.223713651
8/29/2022,0.223964155
8/30/2022,0.223239213
8/31/2022,0.223513633
9/1/2022,0.223538622
9/2/2022,0.223289058
9/3/2022,0.223289058
9/4/2022,0.223289058
9/5/2022,0.223139569
9/6/2022,0.222727075
9/7/2022,0.222321019
9/8/2022,0.222271606
9/9/2022,0.222518921
9/10/2022,0.222518921
9/11/2022,0.222518921
9/12/2022,0.222444668
9/13/2022,0.222172856
9/14/2022,0.222098827
9/15/2022,0.221018896
9/16/2022,0.220628798
9/17/2022,0.220628798
9/18/2022,0.220628798
9/19/2022,0.220628798
9/20/2022,0.21990104
9/21/2022,0.219490767
9/22/2022,0.219780207
9/23/2022,0.219058052
9/24/2022,0.219058052
9/25/2022,0.219058052
9/26/2022,0.21853146
9/27/2022,0.218483716
9/28/2022,0.216990337
9/29/2022,0.216076076
9/30/2022,0.2159594
10/1/2022,0.2159594
10/2/2022,0.2159594
10/3/2022,0.215773001
10/4/2022,0.21526207
10/5/2022,0.215633437
10/6/2022,0.216029376
10/7/2022,0.215749726
10/8/2022,0.215749726
10/9/2022,0.215749726
10/10/2022,0.215169445
10/11/2022,0.215146303
10/12/2022,0.21408692
10/13/2022,0.213675216
10/14/2022,0.213219613
10/15/2022,0.213219613
10/16/2022,0.213219613
10/17/2022,0.212788597
10/18/2022,0.212111577
10/19/2022,0.212089077
10/20/2022,0.211954221
10/21/2022,0.211550653
10/22/2022,0.211550653
10/23/2022,0.211550653
10/24/2022,0.211170956
10/25/2022,0.211170956
10/26/2022,0.211304799
10/27/2022,0.212269157
10/28/2022,0.212179095
10/29/2022,0.212179095
10/30/2022,0.212179095
10/31/2022,0.211864412
11/1/2022,0.211864412
11/2/2022,0.211237848
11/3/2022,0.211148649
11/4/2022,0.210881487
11/5/2022,0.210881487
11/6/2022,0.210881487
11/7/2022,0.210725948
11/8/2022,0.210725948
11/9/2022,0.211237848
11/10/2022,0.213242352
11/11/2022,0.212856531
11/12/2022,0.212856531
11/13/2022,0.212856531
11/14/2022,0.216216221
11/15/2022,0.217746317
11/16/2022,0.219178081
11/17/2022,0.220143095
11/18/2022,0.219717443
11/19/2022,0.219717443
11/20/2022,0.219717443
11/21/2022,0.219717443
11/22/2022,0.218507603
11/23/2022,0.218938142
11/24/2022,0.218722656
11/25/2022,0.222593218
11/26/2022,0.222593218
11/27/2022,0.222593218
11/28/2022,0.223338917
11/29/2022,0.223463699
11/30/2022,0.22191155
12/1/2022,0.223448709
12/2/2022,0.22714366
12/3/2022,0.22714366
12/4/2022,0.22714366
12/5/2022,0.22802417
12/6/2022,0.22904259
12/7/2022,0.22766079
12/8/2022,0.227531284
12/9/2022,0.227505401
12/10/2022,0.227505401
12/11/2022,0.227505401
12/12/2022,0.227221087
12/13/2022,0.226526216
12/14/2022,0.225937635
12/15/2022,0.227894261
12/16/2022,0.226551875
12/17/2022,0.226551875
12/18/2022,0.226551875
12/19/2022,0.226142019
12/20/2022,0.226090893
12/21/2022,0.225682676
12/22/2022,0.226142019
12/23/2022,0.226116449
12/24/2022,0.226116449
12/25/2022,0.226116449
12/26/2022,0.226116449
12/27/2022,0.226244345
12/28/2022,0.226244345
12/29/2022,0.226244345
12/30/2022,0.22714366
12/31/2022,0.22714366
1/1/2023,0.22714366
1/2/2023,0.22714366
1/3/2023,0.227092087
1/4/2023,0.227169469
1/5/2023,0.228050157
1/6/2023,0.227221087
1/7/2023,0.227221087
1/8/2023,0.227221087
1/9/2023,0.228675961
1/10/2023,0.22883296
1/11/2023,0.228885338
1/12/2023,0.229515731
1/13/2023,0.230813622
1/14/2023,0.230813622
1/15/2023,0.230813622
1/16/2023,0.231830299
1/17/2023,0.231267348
1/18/2023,0.231964752
1/19/2023,0.232234076
1/20/2023,0.233481199
1/21/2023,0.233481199
1/22/2023,0.233481199
1/23/2023,0.233535722
1/24/2023,0.233535722
1/25/2023,0.233481199
1/26/2023,0.235682294
1/27/2023,0.235765651
1/28/2023,0.235765651
1/29/2023,0.235765651
1/30/2023,0.235765651
1/31/2023,0.234560087
2/1/2023,0.23454906
2/2/2023,0.235682294
2/3/2023,0.234990016
2/4/2023,0.234990016
2/5/2023,0.234990016
2/6/2023,0.23460412
2/7/2023,0.23250407
2/8/2023,0.232693419
2/9/2023,0.231910959
2/10/2023,0.230946884
2/11/2023,0.230946884
2/12/2023,0.230946884
2/13/2023,0.229357794
2/14/2023,0.230043709
2/15/2023,0.227790445
2/16/2023,0.227195263
2/17/2023,0.225759104
2/18/2023,0.225759104
2/19/2023,0.225759104
2/20/2023,0.225835592
2/21/2023,0.225733638
2/22/2023,0.225275964
2/23/2023,0.225657225
2/24/2023,0.225580871
2/25/2023,0.225580871
2/26/2023,0.225580871
2/27/2023,0.223563597
2/28/2023,0.222965434
3/1/2023,0.223713651
3/2/2023,0.223563597
3/3/2023,0.223538622
3/4/2023,0.223538622
3/5/2023,0.223538622
3/6/2023,0.223538622
3/7/2023,0.22343871
3/8/2023,0.2211411
3/9/2023,0.221287891
3/10/2023,0.221385866
3/11/2023,0.221385866
3/12/2023,0.221385866
3/13/2023,0.222504064
3/14/2023,0.223114684
3/15/2023,0.223149538
3/16/2023,0.222222224
3/17/2023,0.223064914
3/18/2023,0.223064914
3/19/2023,0.223064914
3/20/2023,0.223040029
3/21/2023,0.223713651
3/22/2023,0.224592939
3/23/2023,0.226474911
3/24/2023,0.225963175
3/25/2023,0.225963175
3/26/2023,0.225963175
3/27/2023,0.226346746
3/28/2023,0.226886004
3/29/2023,0.226249471
3/30/2023,0.226244345
3/31/2023,0.226731658
4/1/2023,0.226731658
4/2/2023,0.226731658
4/3/2023,0.226731658
4/4/2023,0.227066308
4/5/2023,0.227427796
4/6/2023,0.227453649
4/7/2023,0.226731658
4/8/2023,0.226731658
4/9/2023,0.226731658
4/10/2023,0.226705968
4/11/2023,0.226705968
4/12/2023,0.226757377
4/13/2023,0.226757377
4/14/2023,0.227376089
4/15/2023,0.227298558
4/16/2023,0.227298558
4/17/2023,0.227298558
4/18/2023,0.225631759
4/19/2023,0.225861102
4/20/2023,0.225453719
4/21/2023,0.225453719
4/22/2023,0.225479141
4/23/2023,0.225479141
4/24/2023,0.225463897
4/25/2023,0.225073159
4/26/2023,0.22446689
4/27/2023,0.224215239
4/28/2023,0.224315822
4/29/2023,0.224315822
4/30/2023,0.224315822
5/1/2023,0.224315822
5/2/2023,0.224114746
5/3/2023,0.22469385
5/4/2023,0.224668607
5/5/2023,0.225504562
5/6/2023,0.225504562
5/7/2023,0.225504562
5/8/2023,0.225479141
5/9/2023,0.224870697
5/10/2023,0.224870697
5/11/2023,0.224089637
5/12/2023,0.223388806
5/13/2023,0.223388806
5/14/2023,0.223388806
5/15/2023,0.222469419
5/16/2023,0.222617984
5/17/2023,0.221238941
5/18/2023,0.220555797
5/19/2023,0.220458567
5/20/2023,0.220458567
5/21/2023,0.220458567
5/22/2023,0.219997808
5/23/2023,0.218962118
5/24/2023,0.217912391
5/25/2023,0.216309756
5/26/2023,0.216309756
5/27/2023,0.216309756
5/28/2023,0.216309756
5/29/2023,0.217462227
5/30/2023,0.21748586
5/31/2023,0.216778666
6/1/2023,0.216872692
6/2/2023,0.218579248
6/3/2023,0.218579248
6/4/2023,0.218579248
6/5/2023,0.218579248
6/6/2023,0.217155263
6/7/2023,0.217155263
6/8/2023,0.216590852
6/9/2023,0.216849193
6/10/2023,0.216849193
6/11/2023,0.216849193
6/12/2023,0.216567412
6/13/2023,0.216567412
6/14/2023,0.216731697
6/15/2023,0.216286376
6/16/2023,0.216286376
6/17/2023,0.216825679
6/18/2023,0.216825679
6/19/2023,0.216216221
6/20/2023,0.215610176
6/21/2023,0.215331614
6/22/2023,0.215146303
6/23/2023,0.213949516
6/24/2023,0.213949516
6/25/2023,0.213949516
6/26/2023,0.21408692
6/27/2023,0.214500204
6/28/2023,0.214178622
6/29/2023,0.214178622
6/30/2023,0.214362279
7/1/2023,0.214362279
7/2/2023,0.214362279
7/3/2023,0.214385241
7/4/2023,0.215076894
7/5/2023,0.215053752
7/6/2023,0.214592278
7/7/2023,0.214270413
7/8/2023,0.214270413
7/9/2023,0.214270413
7/10/2023,0.214224502
7/11/2023,0.214799702
7/12/2023,0.215146303
7/13/2023,0.218007416
7/14/2023,0.221067756
7/15/2023,0.221067756
7/16/2023,0.221067756
7/17/2023,0.22040996
7/18/2023,0.220264316
7/19/2023,0.220264316
7/20/2023,0.220264316
7/21/2023,0.219130054
7/22/2023,0.219130054
7/23/2023,0.219130054
7/24/2023,0.218770504
7/25/2023,0.218770504
7/26/2023,0.219780207
7/27/2023,0.221336871
7/28/2023,0.219683647
7/29/2023,0.219683647
7/30/2023,0.219683647
7/31/2023,0.220848069
8/1/2023,0.221263424
8/2/2023,0.219563067
8/3/2023,0.220191568
8/4/2023,0.220191568
8/5/2023,0.219659537
8/6/2023,0.219659537
8/7/2023,0.219466701
8/8/2023,0.21834062
8/9/2023,0.21889022
8/10/2023,0.218842328
8/11/2023,0.218126297
8/12/2023,0.218126297
8/13/2023,0.218126297
8/14/2023,0.216590852
8/15/2023,0.215842873
8/16/2023,0.216122761
8/17/2023,0.215053752
8/18/2023,0.215285257
8/19/2023,0.215285257
8/20/2023,0.215285257
8/21/2023,0.215215743
8/22/2023,0.215215743
8/23/2023,0.215238914
8/24/2023,0.215377986
8/25/2023,0.215633437
8/26/2023,0.215633437
8/27/2023,0.215633437
8/28/2023,0.214961305
8/29/2023,0.215377986
8/30/2023,0.215633437
8/31/2023,0.215633437
9/1/2023,0.215285257
9/2/2023,0.215285257
9/3/2023,0.215285257
9/4/2023,0.214938194
9/5/2023,0.215401188
9/6/2023,0.214041099
9/7/2023,0.213812277
9/8/2023,0.213949516
9/9/2023,0.213949516
9/10/2023,0.213949516
9/11/2023,0.214041099
9/12/2023,0.21390374
9/13/2023,0.21390374
9/14/2023,0.213720888
9/15/2023,0.213606745
9/16/2023,0.213606745
9/17/2023,0.213606745
9/18/2023,0.213378847
9/19/2023,0.213037938
9/20/2023,0.213515535
9/21/2023,0.213265076
9/22/2023,0.213447168
9/23/2023,0.213447168
9/24/2023,0.213447168
9/25/2023,0.213538319
9/26/2023,0.213333338
9/27/2023,0.212494701
9/28/2023,0.212494701
9/29/2023,0.213092402
9/30/2023,0.213092402
10/1/2023,0.213092402
10/2/2023,0.212111577
10/3/2023,0.211774662
10/4/2023,0.211461186
10/5/2023,0.211640209
10/6/2023,0.211640209
10/7/2023,0.212269157
10/8/2023,0.212269157
10/9/2023,0.21143885
10/10/2023,0.211685017
10/11/2023,0.212044105
10/12/2023,0.212314218
10/13/2023,0.211595431
10/14/2023,0.211595431
10/15/2023,0.211595431
10/16/2023,0.21126017
10/17/2023,0.211237848
10/18/2023,0.210881487
10/19/2023,0.209973767
10/20/2023,0.209863588
10/21/2023,0.209863588
10/22/2023,0.209863588
10/23/2023,0.209863588
10/24/2023,0.208877295
10/25/2023,0.2093364
10/26/2023,0.209038839
10/27/2023,0.209380239
10/28/2023,0.209380239
10/29/2023,0.209380239
10/30/2023,0.210084021
10/31/2023,0.210084021
11/1/2023,0.209687561
11/2/2023,0.210570648
11/3/2023,0.211595431
11/4/2023,0.211595431
11/5/2023,0.211595431
11/6/2023,0.215842873
11/7/2023,0.215842873
11/8/2023,0.213615865
11/9/2023,0.213219613
11/10/2023,0.213219613
11/11/2023,0.213219613
11/12/2023,0.213219613
11/13/2023,0.212494701
11/14/2023,0.211976677
11/15/2023,0.214132756
11/16/2023,0.214132756
11/17/2023,0.214132756
11/18/2023,0.214132756
11/19/2023,0.214132756
11/20/2023,0.214477211
11/21/2023,0.215053752
11/22/2023,0.213880867
11/23/2023,0.213835135
11/24/2023,0.213538319
11/25/2023,0.213538319
11/26/2023,0.213538319
11/27/2023,0.213583931
11/28/2023,0.214109853
11/29/2023,0.214109853
11/30/2023,0.214730516
12/1/2023,0.214109853
12/2/2023,0.214109853
12/3/2023,0.214109853
12/4/2023,0.214132756
12/5/2023,0.214500204
12/6/2023,0.214293361
12/7/2023,0.214041099
12/8/2023,0.214477211
12/9/2023,0.214477211
12/10/2023,0.214477211
12/11/2023,0.214477211
12/12/2023,0.213583931
12/13/2023,0.212879181
12/14/2023,0.214132756
12/15/2023,0.214132756
12/16/2023,0.214132756
12/17/2023,0.214132756
12/18/2023,0.21315144
12/19/2023,0.213583931
12/20/2023,0.21477662
12/21/2023,0.214915112
12/22/2023,0.214915112
12/23/2023,0.214915112
12/24/2023,0.214915112
12/25/2023,0.216006055
12/26/2023,0.215703189
12/27/2023,0.216122761
12/28/2023,0.217155263
12/29/2023,0.217746317
12/30/2023,0.217746317
12/31/2023,0.217746317
