Country Name,Country Code,Indicator Name,2015,2016,2017,2018,2019,2020,2021,2022,2023
Aruba,ABW,GDP (current US$),2962907263,2983635196,3092429050,3276184358,3395798883,2558906304,3103184102,3544707788,
Afghanistan,AFG,GDP (current US$),19134221645,18116572395,18753456498,18053222687,18799444490,19955929052,14266499430,14502158192,
Africa Eastern and Southern,AFE,GDP (current US$),8.99E+11,8.30E+11,9.40E+11,1.01E+12,1.01E+12,9.29E+11,1.09E+12,1.18E+12,1.24E+12
Africa Western and Central,AFW,GDP (current US$),7.69E+11,6.92E+11,6.86E+11,7.68E+11,8.24E+11,7.87E+11,8.46E+11,8.77E+11,7.97E+11
Albania,ALB,GDP (current US$),11386853113,11861199831,13019726212,15156424015,15401826127,15162734205,17930565119,18916378861,22977677861
Algeria,DZA,GDP (current US$),1.87E+11,1.81E+11,1.90E+11,1.95E+11,1.93E+11,1.65E+11,1.86E+11,2.26E+11,2.40E+11
Samoa,ASM,GDP (current US$),673000000,671000000,612000000,639000000,647000000,721000000,750000000,871000000,
Andorra,AND,GDP (current US$),2789881259,2896610480,3000162081,3218419897,3155149348,2891001149,3324683012,3380602043,3727673593
Angola,AGO,GDP (current US$),90496420507,52761617226,73690154991,79450688259,70897962732,48501561204,66505129988,1.04E+11,84722957642
Antigua and Barbuda,ATG,GDP (current US$),1437755556,1489692593,1531151852,1661529630,1725351852,1410796296,1601366667,1867733333,2033085185
Argentina,ARG,GDP (current US$),5.95E+11,5.58E+11,6.44E+11,5.25E+11,4.48E+11,3.86E+11,4.88E+11,6.31E+11,6.41E+11
Armenia,ARM,GDP (current US$),10553337518,10546136236,11527458709,12457940695,13619290539,12641698583,13878908629,19513474648,24212134631
Australia,AUS,GDP (current US$),1.35E+12,1.21E+12,1.33E+12,1.43E+12,1.39E+12,1.33E+12,1.56E+12,1.69E+12,1.72E+12
Austria,AUT,GDP (current US$),3.82E+11,3.96E+11,4.17E+11,4.55E+11,4.45E+11,4.35E+11,4.79E+11,4.71E+11,5.16E+11
Azerbaijan,AZE,GDP (current US$),53076235355,37866996883,40866627352,47112470052,48174235294,42693000000,54825411765,78807470588,72356176471
Bahamas,BHS,GDP (current US$),11671900000,11745100000,12236700000,12615800000,13016200000,9958200000,11368900000,13136400000,14338500000
Bahrain,BHR,GDP (current US$),31125851064,32250132979,35423643617,37802005319,38653318085,34621807713,39288670213,44383297872,43205000000
Bangladesh,BGD,GDP (current US$),1.95E+11,2.65E+11,2.94E+11,3.21E+11,3.51E+11,3.74E+11,4.16E+11,4.60E+11,4.37E+11
Barbados,BRB,GDP (current US$),4738650450,4848210350,5000457800,5128345200,5367139250,4779756550,4945276000,5840673700,6393564190
Belarus,BLR,GDP (current US$),56454889147,47723545321,54725302250,60031173808,64410122847,61371755326,69673747132,73775179925,71857382746
Belgium,BEL,GDP (current US$),4.62E+11,4.76E+11,5.03E+11,5.43E+11,5.36E+11,5.26E+11,6.01E+11,5.84E+11,6.32E+11
Belize,BLZ,GDP (current US$),2194709309,2240593543,2266664817,2292787336,2386792476,2047727810,2424575179,2830507576,3281500000
Benin,BEN,GDP (current US$),11388160997,11821065853,12701655837,14262408090,14390708751,15686741884,17687623530,17425418044,19673284686
Bermuda,BMU,GDP (current US$),6654541000,6899911000,7142316000,7225977000,7423465000,6887147000,7286607000,7827980000,
Bhutan,BTN,GDP (current US$),2154921011,2322730512,2591358115,2583335723,2735683409,2457604042,2768802803,2898227713,
Bolivia (Plurinational State of),BOL,GDP (current US$),33000198249,33941126194,37508642171,40287647931,40895322851,36629843806,40406111693,44008282880,45849832906
Bosnia and Herzegovina,BIH,GDP (current US$),16404348871,17116926328,18326373366,20484053869,20482608755,20226036564,23672712242,24534663636,27054889363
Botswana,BWA,GDP (current US$),13530748845,15082637184,16105155857,17031943186,16725908149,14960291106,18750946600,20321958850,19395765126
Brazil,BRA,GDP (current US$),1.80E+12,1.80E+12,2.06E+12,1.92E+12,1.87E+12,1.48E+12,1.67E+12,1.95E+12,2.17E+12
British Virgin Islands,VGB,GDP (current US$),,,,,,,,,
Brunei Darussalam,BRN,GDP (current US$),12930291488,11400466356,12128183904,13566937674,13469235365,12005799654,14006496617,16681536467,15128292954
Bulgaria,BGR,GDP (current US$),50811995689,53964253212,59309748166,66370132238,68881010246,70368758395,84041493016,90346169915,1.02E+11
Burkina Faso,BFA,GDP (current US$),11832159316,12833363045,14106955615,15890066221,16032813502,17725010531,19643166854,18820219331,20324617839
Burundi,BDI,GDP (current US$),3104003546,2644487777,2723586963,2667182200,2576518880,2649680261,2775798697,3338722828,2642161669
Cabo Verde,CPV,GDP (current US$),1749857620,1849789986,1996741540,2205099507,2252177124,1821565614,2051842610,2303738020,2587252076
Cambodia,KHM,GDP (current US$),18049954289,20016747858,22177200588,24571753583,27089390033,25872797892,26961061152,29504829319,31772759999
Cameroon,CMR,GDP (current US$),32210233021,33814337041,36098547059,39955552190,39667757528,40773241177,44993521774,43644068311,47945510090
Canada,CAN,GDP (current US$),1.56E+12,1.53E+12,1.65E+12,1.73E+12,1.74E+12,1.66E+12,2.01E+12,2.16E+12,2.14E+12
Caribbean small states,CSS,GDP (current US$),34538256118,33451252507,34921587493,36225416548,37621010338,31378030001,36706592899,48138054139,53252637670
Cayman Islands,CYM,GDP (current US$),4708167255,4909322200,5166281293,5530178499,5941896600,5655357984,6060026510,6600844002,
Central African Republic,CAF,GDP (current US$),1695825714,1825018145,2072349973,2220979146,2221301351,2326720900,2516498412,2382618615,2555492085
Central Europe and the Baltics,CEB,GDP (current US$),1.29E+12,1.32E+12,1.46E+12,1.65E+12,1.67E+12,1.67E+12,1.91E+12,1.94E+12,2.25E+12
Chad,TCD,GDP (current US$),10950392257,10097778098,10000394381,11239167898,11314951092,10715396042,11779981332,12396807590,13149325359
Channel Islands,CHI,GDP (current US$),,9072059721,9070980827,9940766574,9921386550,9301349237,11138490592,11228317319,
Chile,CHL,GDP (current US$),2.42E+11,2.49E+11,2.76E+11,2.96E+11,2.78E+11,2.54E+11,3.16E+11,3.02E+11,3.36E+11
China,CHN,GDP (current US$),1.11E+13,1.12E+13,1.23E+13,1.39E+13,1.43E+13,1.47E+13,1.78E+13,1.79E+13,1.78E+13
Colombia,COL,GDP (current US$),2.93E+11,2.83E+11,3.12E+11,3.34E+11,3.23E+11,2.70E+11,3.19E+11,3.45E+11,3.64E+11
Comoros,COM,GDP (current US$),966029600.9,1012835493,1077439757,1188797449,1195019532,1225039197,1296089480,1242519408,1352380972
Democratic Republic of the Congo,COD,GDP (current US$),37917706497,37134801555,38019264795,47568210010,51775829877,48716961860,55328482784,65801547620,66383287003
Congo,COG,GDP (current US$),12434793868,10931328150,11834473048,14773900278,13976637329,11468688141,14825690210,15817030157,15321055818
Costa Rica,CRI,GDP (current US$),56441920821,58847019610,60516044657,62420164992,64417670521,62395610760,64960725734,69243626029,86497941439
Côte d’Ivoire,CIV,GDP (current US$),45815005169,48407761037,52512343997,58522477787,60382894697,63027852805,72794636654,70173140101,78788828907
Croatia,HRV,GDP (current US$),51011170112,52740059263,56322449844,61861145806,61867157679,58221300898,69602166351,71997070660,82688842717
Cuba,CUB,GDP (current US$),87132800000,91370407864,96850649692,1.00E+11,1.03E+11,1.07E+11,,,
Curaçao,CUW,GDP (current US$),3058779218,3024690168,3033433240,3046364804,3026124134,2534327598,2739608133,3073840325,
Cyprus,CYP,GDP (current US$),19909269064,21046452116,22946583375,25597301191,25947020102,25227189745,29482912835,29250532020,32229622669
Czechia,CZE,GDP (current US$),1.88E+11,1.96E+11,2.19E+11,2.49E+11,2.53E+11,2.46E+11,2.82E+11,2.91E+11,3.31E+11
Denmark,DNK,GDP (current US$),3.03E+11,3.13E+11,3.32E+11,3.57E+11,3.46E+11,3.55E+11,4.06E+11,4.00E+11,4.04E+11
Djibouti,DJI,GDP (current US$),2424391785,2604955229,2762581334,2913466732,3088853639,3185150981,3385825229,3674298479,4098530514
Dominica,DMA,GDP (current US$),540737037,576229629.6,521551851.9,554770370.4,611537037,504214814.8,555266666.7,607159259.3,653992592.6
Dominican Republic,DOM,GDP (current US$),71164826837,75704647878,79998046306,85555390139,88941372558,78844656298,94243425938,1.14E+11,1.21E+11
Ecuador,ECU,GDP (current US$),97209558000,97671433000,1.04E+11,1.07E+11,1.08E+11,95865472000,1.07E+11,1.17E+11,1.19E+11
Egypt,EGY,GDP (current US$),3.29E+11,3.32E+11,2.48E+11,2.63E+11,3.19E+11,3.84E+11,4.25E+11,4.77E+11,3.96E+11
El Salvador,SLV,GDP (current US$),23438240000,24191430000,24979190000,26020850000,26881140000,24921190000,29043140000,31988920000,34015620000
Equatorial Guinea,GNQ,GDP (current US$),13185496881,11240808848,12200913879,13097012134,11364133550,9893816008,12215878033,13486788879,12116922539
Eritrea,ERI,GDP (current US$),,,,,,,,,
Estonia,EST,GDP (current US$),22890762090,24072829277,26924385103,30624720196,31290453294,31330419851,36864792512,37921480882,40744848828
Eswatini,SWZ,GDP (current US$),4063245671,3816019193,4402969226,4666598024,4495267266,3982236694,4850842541,4790922789,4597855845
Ethiopia,ETH,GDP (current US$),64589328551,74296745208,81770886826,84269196626,95912607722,1.08E+11,1.11E+11,1.27E+11,1.64E+11
European Union,EUU,GDP (current US$),1.36E+13,1.39E+13,1.48E+13,1.60E+13,1.57E+13,1.54E+13,1.73E+13,1.68E+13,1.83E+13
Faroe Islands,FRO,GDP (current US$),2573905971,2813278869,2980057378,3188600927,3266432734,3262045883,3655063938,3555929833,
Fiji,FJI,GDP (current US$),4682479894,4930213644,5353469174,5581425327,5444407198,4432466220,4305031650,4979979531,5494797541
Finland,FIN,GDP (current US$),2.35E+11,2.41E+11,2.56E+11,2.76E+11,2.69E+11,2.72E+11,2.96E+11,2.82E+11,3.00E+11
France,FRA,GDP (current US$),2.44E+12,2.47E+12,2.60E+12,2.79E+12,2.73E+12,2.65E+12,2.96E+12,2.78E+12,3.03E+12
French Polynesia,PYF,GDP (current US$),5325846362,5497036477,5833352693,6135116253,6022276196,5792545871,6150640646,5814661209,
Gabon,GAB,GDP (current US$),14383107763,14023890265,14929487485,16867326390,16874405460,15314577168,20217946921,21071739228,20516134389
Gambia,GMB,GDP (current US$),1378176609,1484578886,1504909463,1670671328,1813609692,1812170891,2014158843,2175099790,2339904157
Georgia,GEO,GDP (current US$),15223796149,15444548902,16473125375,17902544881,17638337117,16010869216,18853115589,24984568960,30535530479
Germany,DEU,GDP (current US$),3.36E+12,3.47E+12,3.69E+12,3.97E+12,3.89E+12,3.89E+12,4.28E+12,4.08E+12,4.46E+12
Ghana,GHA,GDP (current US$),49406010054,56164929305,60405924079,67298914624,68337969248,70043095504,79524421861,74263364042,76370394412
Gibraltar,GIB,GDP (current US$),,,,,,,,,
Greece,GRC,GDP (current US$),1.96E+11,1.93E+11,2.00E+11,2.12E+11,2.05E+11,1.88E+11,2.15E+11,2.18E+11,2.38E+11
Greenland,GRL,GDP (current US$),2499113023,2707139544,2851613679,3055782146,2997309972,3082884653,3235809504,,
Grenada,GRD,GDP (current US$),997007407.4,1061640741,1125685185,1166514815,1213485185,1043411111,1122800000,1224577778,1320334236
Guam,GUM,GDP (current US$),5799000000,5901000000,6013000000,6051000000,6355000000,5916000000,6234000000,6910000000,
Guatemala,GTM,GDP (current US$),62186064719,66053403469,71653754066,73328365862,77172317259,77715183063,86053083476,95003330316,1.02E+11
Guinea,GIN,GDP (current US$),8794202394,8595955600,10324668271,11857030367,13442861496,14177835841,16091817842,20999229260,23612295818
Guinea-Bissau,GNB,GDP (current US$),1152384167,1245074264,1469978606,1554133594,1486476582,1520479985,1724555634,1714166526,1966461400
Guyana,GUY,GDP (current US$),4279840194,4482697337,4748174334,4787636998,5173760192,5471256595,8041362110,14718388489,16786302158
Haiti,HTI,GDP (current US$),14849629309,14069277526,15093357161,16403864618,15016090930,14508222518,20877414953,20253551921,19850829758
Honduras,HND,GDP (current US$),20979791685,21717604952,23136247991,24067750760,24882225742,23352232484,28144331507,31426041807,34400509852
"Hong Kong SAR, China",HKG,GDP (current US$),3.09E+11,3.21E+11,3.41E+11,3.62E+11,3.63E+11,3.45E+11,3.69E+11,3.59E+11,3.82E+11
Hungary,HUN,GDP (current US$),1.25E+11,1.29E+11,1.43E+11,1.61E+11,1.64E+11,1.57E+11,1.82E+11,1.77E+11,2.12E+11
Iceland,ISL,GDP (current US$),17517210519,20793168031,24728285177,26260850582,24681343649,21629953194,25797870984,28701830402,31020032583
India,IND,GDP (current US$),2.10E+12,2.29E+12,2.65E+12,2.70E+12,2.84E+12,2.67E+12,3.17E+12,3.35E+12,3.55E+12
Indonesia,IDN,GDP (current US$),8.61E+11,9.32E+11,1.02E+12,1.04E+12,1.12E+12,1.06E+12,1.19E+12,1.32E+12,1.37E+12
Iran (Islamic Republic of),IRN,GDP (current US$),4.08E+11,4.58E+11,4.87E+11,3.30E+11,2.84E+11,2.40E+11,3.59E+11,4.13E+11,4.02E+11
Iraq,IRQ,GDP (current US$),1.67E+11,1.67E+11,1.87E+11,2.27E+11,2.34E+11,1.81E+11,2.10E+11,2.87E+11,2.51E+11
Ireland,IRL,GDP (current US$),2.92E+11,2.99E+11,3.37E+11,3.87E+11,3.99E+11,4.29E+11,5.13E+11,5.33E+11,5.46E+11
Isle of Man,IMN,GDP (current US$),7084800892,6846377563,6979788334,7491649456,7314967866,6684225641,7931193222,,
Israel,ISR,GDP (current US$),3.03E+11,3.22E+11,3.58E+11,3.77E+11,4.02E+11,4.13E+11,4.89E+11,5.25E+11,5.10E+11
Italy,ITA,GDP (current US$),1.84E+12,1.88E+12,1.96E+12,2.09E+12,2.01E+12,1.90E+12,2.15E+12,2.07E+12,2.25E+12
Jamaica,JAM,GDP (current US$),14188936918,14077096677,14808985133,15730792876,15830766531,13812421836,14657586159,17097760687,19423355367
Japan,JPN,GDP (current US$),4.44E+12,5.00E+12,4.93E+12,5.04E+12,5.12E+12,5.06E+12,5.03E+12,4.26E+12,4.21E+12
Jordan,JOR,GDP (current US$),38587017887,39892551127,41608435915,43370860704,44502816901,43700383099,46296100141,48653381831,50813642349
Kazakhstan,KAZ,GDP (current US$),1.84E+11,1.37E+11,1.67E+11,1.79E+11,1.82E+11,1.71E+11,1.97E+11,2.25E+11,2.61E+11
Kenya,KEN,GDP (current US$),70120446897,74815144164,82036510877,92202979985,1.00E+11,1.01E+11,1.10E+11,1.13E+11,1.07E+11
Kiribati,KIR,GDP (current US$),191572320.4,206658568.8,223029864.5,233859230.2,216891541,222973879.7,289207526.3,270520731.6,279034355.1
"Democratic People's Republic of Korea	",PRK,GDP (current US$),,,,,,,,,
Republic of Korea,KOR,GDP (current US$),1.47E+12,1.50E+12,1.62E+12,1.73E+12,1.65E+12,1.64E+12,1.82E+12,1.67E+12,1.71E+12
Kosovo,XKX,GDP (current US$),6295848423,6682677290,7180764703,7878759715,7899737577,7717145218,9413403724,9354903062,10438351483
Kuwait,KWT,GDP (current US$),1.15E+11,1.09E+11,1.21E+11,1.38E+11,1.39E+11,1.08E+11,1.42E+11,1.83E+11,1.62E+11
Kyrgyzstan,KGZ,GDP (current US$),6678177512,6813095379,7702938379,8271106235,9371275264,8270468614,9249133946,12134931018,13987627909
Lao People's Democratic Republic,LAO,GDP (current US$),14426380126,15912501723,17071155481,18141641090,18740561513,18981805250,18827148531,15468785204,15843155731
Latvia,LVA,GDP (current US$),27263090547,28083597512,30483806018,34429023435,34225547537,34390910339,39443126174,40422521943,43627078481
Lebanon,LBN,GDP (current US$),49929337837,51147308774,53027680686,54901519156,51605959131,31712128254,23131941557,20992421949,
Lesotho,LSO,GDP (current US$),2359686725,2114426454,2306741674,2556247292,2390702296,2053338465,2406780519,2289355249,2046039024
Liberia,LBR,GDP (current US$),3227075700,3398419600,3390703400,3422754800,3319596500,3176126340,3513049520,4001047000,4332000000
Libya,LBY,GDP (current US$),48717501321,49912073701,67157452182,76686029772,72081962263,65688454972,47786789104,55938727098,50491722446
Liechtenstein,LIE,GDP (current US$),6268515276,6237302034,6474308718,6692620692,6436467007,6405870210,7710380086,7364654515,
Lithuania,LTU,GDP (current US$),41435533340,43047309306,47758736932,53751411409,54808531641,56964942999,66798933786,71013953448,77836396963
Luxembourg,LUX,GDP (current US$),60071584216,62216885436,65712180343,71000359760,69890505324,73699366700,85584105994,81641807866,85755006124
"Macao SAR, China",MAC,GDP (current US$),45048190598,45070808689,50383871121,55190661340,55082293844,25343525936,30969334705,24464719190,47061843716
Madagascar,MDG,GDP (current US$),11323020701,11848613858,13176313594,13760033282,14104664679,13051441204,14554754117,15302510500,16031702915
Malawi,MWI,GDP (current US$),9219474379,7909868618,8943543677,9880675786,11077305330,12041250084,12580922008,13129458326,14084341062
Malaysia,MYS,GDP (current US$),3.01E+11,3.01E+11,3.19E+11,3.59E+11,3.65E+11,3.37E+11,3.74E+11,4.07E+11,4.00E+11
Maldives,MDV,GDP (current US$),4129505319,4409942624,4816426257,5404344163,5726094799,3712604583,5254366312,6170638746,6600000000
Mali,MLI,GDP (current US$),13104764378,14026048336,15365713048,17070867590,17280250810,17465392764,19309463508,18780322204,20904898296
Malta,MLT,GDP (current US$),11091483660,11668015566,13484541926,15404393365,16004563886,15249999048,18123718947,18357069273,20956999452
Marshall Islands,MHL,GDP (current US$),183222930.9,200900711.1,212935714.7,219430038.5,231996704.1,240751144.4,257784881.6,258774475.1,284000000
Mauritania,MRT,GDP (current US$),6166863897,6398747592,6800135898,7473550557,7894764886,8260752385,9222536364,9744039515,10452577063
Mauritius,MUS,GDP (current US$),12007291046,12594155464,13713506131,14735695931,14436346980,11408106446,11484348766,12927979286,14397127281
Mexico,MEX,GDP (current US$),1.21E+12,1.11E+12,1.19E+12,1.26E+12,1.31E+12,1.12E+12,1.31E+12,1.46E+12,1.79E+12
Micronesia (Federated States of),FSM,GDP (current US$),316489900,325000000,359000000,392000000,394000000,372000000,390000000,430000000,460000000
Republic of Moldova,MDA,GDP (current US$),7797667197,7980917076,9514404016,11252353421,11736797055,11530746234,13691869264,14510490660,16539436547
Monaco,MCO,GDP (current US$),6261649891,6465645585,6431271365,7182444410,7383944044,6739645416,8626081321,8784002932,
Mongolia,MNG,GDP (current US$),11619892591,11181350649,11480847741,13178094720,14206359018,13312981429,15286441738,17146471714,19872180370
Montenegro,MNE,GDP (current US$),4054730078,4376930578,4856599481,5506942238,5542054181,4769996866,5861427505,6229801581,7404541965
Morocco,MAR,GDP (current US$),1.10E+11,1.12E+11,1.19E+11,1.27E+11,1.29E+11,1.21E+11,1.42E+11,1.31E+11,1.41E+11
Mozambique,MOZ,GDP (current US$),16208985770,12069051237,13264640646,15017359042,15512758965,14235420174,16168055475,18406835495,20624597847
Myanmar,MMR,GDP (current US$),59607290408,63298361996,66053040483,67860515990,75065106228,79006113643,66345291160,62253049892,64815031669
Namibia,NAM,GDP (current US$),11335161084,10722018732,12895153160,13682018827,12541928103,10583748542,12402486184,12567271005,12351024844
Nauru,NRU,GDP (current US$),84863440.58,97541943.04,109355638.9,130995566.3,125160115.5,124685688.2,175390280.7,153824609.5,154127798.2
Nepal,NPL,GDP (current US$),24360801287,24524109484,28971588940,33111525237,34186180699,33433659301,36924841394,41182939601,40908073367
Netherlands (Kingdom of the),NLD,GDP (current US$),7.66E+11,7.84E+11,8.34E+11,9.14E+11,9.10E+11,9.10E+11,1.03E+12,1.01E+12,1.12E+12
New Caledonia,NCL,GDP (current US$),8738203074,8724568955,9174048682,9896402284,9475655325,9454629468,10071349664,9623318718,
New Zealand,NZL,GDP (current US$),1.78E+11,1.89E+11,2.07E+11,2.12E+11,2.13E+11,2.13E+11,2.54E+11,2.47E+11,2.53E+11
Nicaragua,NIC,GDP (current US$),12756706583,13286118584,13785943183,13025239912,12699046245,12681548304,14144067556,15649934215,17829215284
Niger,NER,GDP (current US$),9683867926,10398861982,11185104252,12837307497,12889555561,13744653103,14915002436,15433852712,16819170421
Nigeria,NGA,GDP (current US$),4.93E+11,4.05E+11,3.76E+11,4.22E+11,4.75E+11,4.32E+11,4.41E+11,4.73E+11,3.63E+11
North Macedonia,MKD,GDP (current US$),10064519963,10672467073,11307067070,12683068114,12606338449,12361036914,14000283827,13711469681,14761237042
Northern Mariana Islands,MNP,GDP (current US$),910000000,1230000000,1560000000,1301000000,1181000000,858000000,,,
Norway,NOR,GDP (current US$),3.88E+11,3.71E+11,4.02E+11,4.40E+11,4.09E+11,3.68E+11,5.03E+11,5.94E+11,4.86E+11
Oman,OMN,GDP (current US$),78710793238,75128738622,80856697009,91505851756,88060858257,75909397659,88191977373,1.15E+11,1.08E+11
Pakistan,PAK,GDP (current US$),3.00E+11,3.14E+11,3.39E+11,3.56E+11,3.21E+11,3.00E+11,3.49E+11,3.75E+11,3.38E+11
Palau,PLW,GDP (current US$),287215972.9,305404174.8,292345764.2,288160980.2,281828704.8,261179138.2,229858184.8,242333709.7,263020733.7
Panama,PAN,GDP (current US$),54091800000,57907700000,62202700000,67294169200,69721787500,57086836900,67406738100,76522511781,83382400000
Papua New Guinea,PNG,GDP (current US$),21723437010,20758876953,22742699138,24109780708,24751066911,23848445104,26113333240,31603619037,30932496250
Paraguay,PRY,GDP (current US$),36211447840,36089700223,38997129474,40225448341,37925338329,35432178068,39950899939,41952910858,42956263544
Peru,PER,GDP (current US$),1.90E+11,1.92E+11,2.11E+11,2.23E+11,2.28E+11,2.01E+11,2.26E+11,2.46E+11,2.68E+11
Philippines,PHL,GDP (current US$),3.06E+11,3.19E+11,3.28E+11,3.47E+11,3.77E+11,3.62E+11,3.94E+11,4.04E+11,4.37E+11
Poland,POL,GDP (current US$),4.77E+11,4.70E+11,5.25E+11,5.89E+11,5.96E+11,5.99E+11,6.81E+11,6.90E+11,8.11E+11
Portugal,PRT,GDP (current US$),1.99E+11,2.06E+11,2.21E+11,2.42E+11,2.40E+11,2.29E+11,2.56E+11,2.55E+11,2.87E+11
Puerto Rico,PRI,GDP (current US$),1.03E+11,1.04E+11,1.03E+11,1.01E+11,1.05E+11,1.03E+11,1.06E+11,1.14E+11,1.18E+11
Qatar,QAT,GDP (current US$),1.62E+11,1.52E+11,1.61E+11,1.83E+11,1.76E+11,1.44E+11,1.80E+11,2.36E+11,
Romania,ROU,GDP (current US$),1.78E+11,1.85E+11,2.10E+11,2.43E+11,2.51E+11,2.51E+11,2.86E+11,2.99E+11,3.51E+11
Russia,RUS,GDP (current US$),1.36E+12,1.28E+12,1.57E+12,1.66E+12,1.69E+12,1.49E+12,1.84E+12,2.27E+12,2.02E+12
Rwanda,RWA,GDP (current US$),8543759089,8695272095,9252834120,9637904553,10349299856,10174387614,11069280277,13316160804,14097768648
Samoa,WSM,GDP (current US$),824150498.7,843924796.7,884844384.5,878448433.4,912950466.1,868898358.3,843923638.7,832945205.6,934100336.3
San Marino,SMR,GDP (current US$),1419400404,1468342431,1528621195,1655354304,1616188702,1541247884,1855382833,,
Sao Tome and Principe,STP,GDP (current US$),259999643,292267272.2,322002845.2,383717327.8,412976064.5,471229484.6,524402450.8,542686976.5,603240749
Saudi Arabia,SAU,GDP (current US$),6.69E+11,6.66E+11,7.15E+11,8.47E+11,8.39E+11,7.34E+11,8.74E+11,1.11E+12,1.07E+12
Senegal,SEN,GDP (current US$),17774766696,19040312333,20996562944,23116701556,23403995992,24530513038,27520784130,27619479060,31013986429
Serbia,SRB,GDP (current US$),39655949731,40692661657,44179075779,50640662859,51514242939,53356484591,63101042898,63563410721,75187125427
Seychelles,SYC,GDP (current US$),1432403352,1568513348,1675370641,1784313927,1868690097,1382551752,1487173795,2057968520,2141450171
Sierra Leone,SLE,GDP (current US$),4252029354,3862721266,3719443418,4085114388,4076578699,4062906266,4249234704,4094563859,3809832237
Singapore,SGP,GDP (current US$),3.08E+11,3.19E+11,3.43E+11,3.77E+11,3.77E+11,3.49E+11,4.34E+11,4.98E+11,5.01E+11
Sint Maarten (Dutch part),SXM,GDP (current US$),1417888715,1427017207,1353212123,1259200447,1407880447,1236428101,1353071061,1537088715,1623165683
Slovakia,SVK,GDP (current US$),88900883131,89952699525,95649966261,1.06E+11,1.06E+11,1.07E+11,1.19E+11,1.16E+11,1.33E+11
Slovenia,SVN,GDP (current US$),43107506024,44766722791,48589100043,54177882426,54386654314,53734526854,61832201544,60063475466,68216781411
Solomon Islands,SLB,GDP (current US$),1307909888,1379490304,1469789119,1615478393,1619155017,1536145814,1522794913,1566360686,1631286701
Somalia,SOM,GDP (current US$),6984947145,7390796617,8252394373,8278212314,9420431258,9204140383,9838711529,10419541202,11679800110
South Africa,ZAF,GDP (current US$),3.47E+11,3.24E+11,3.81E+11,4.05E+11,3.89E+11,3.38E+11,4.20E+11,4.05E+11,3.78E+11
South Sudan,SSD,GDP (current US$),11997800760,,,,,,,,
Spain,ESP,GDP (current US$),1.20E+12,1.23E+12,1.31E+12,1.42E+12,1.39E+12,1.28E+12,1.45E+12,1.42E+12,1.58E+12
Sri Lanka,LKA,GDP (current US$),85140955389,88012282206,94376237797,94493871201,89014978344,84304298771,88609332762,74144875098,84356860421
Saint Kitts and Nevis,KNA,GDP (current US$),957222222.2,1006818519,1056977778,1076548148,1107855556,883922222.2,858622222.2,981429629.6,1077033111
Saint Lucia,LCA,GDP (current US$),1807640741,1868544444,1998503704,2060955556,2092081549,1497825994,1834796402,2343703788,2519925939
Saint Martin (French Part),MAF,GDP (current US$),,,,,652206037.1,,649206262.8,,
Saint Vincent and the Grenadines,VCT,GDP (current US$),786555555.6,814303703.7,844040740.7,884329629.6,910766666.7,869111111.1,872225925.9,966492592.6,1065962963
Sudan,SDN,GDP (current US$),51726758677,42630376000,41283617976,32333780383,32338079165,27034593750,34229513775,51666875363,1.09E+11
Suriname,SUR,GDP (current US$),5126237646,3317421648,3591679431,3996198867,4016040575,2911807496,3081401726,3620987993,3782437296
Sweden,SWE,GDP (current US$),5.05E+11,5.16E+11,5.41E+11,5.55E+11,5.34E+11,5.47E+11,6.40E+11,5.90E+11,5.93E+11
Switzerland,CHE,GDP (current US$),6.94E+11,6.88E+11,6.95E+11,7.26E+11,7.21E+11,7.42E+11,8.13E+11,8.18E+11,8.85E+11
Syrian Arab Republic,SYR,GDP (current US$),16466863097,12597854884,16369843341,21497782881,22583045053,11155888304,8980060819,,
Tajikistan,TJK,GDP (current US$),8271431485,6992416097,7536402853,7764999999,8300813599,8133963551,8937805347,10713525200,12060602009
United Republic of Tanzania,TZA,GDP (current US$),47413919817,49774409374,53274884533,57003712892,61026731926,66068737786,70655628148,75769974505,79158286334
Thailand,THA,GDP (current US$),4.01E+11,4.13E+11,4.56E+11,5.07E+11,5.44E+11,5.00E+11,5.06E+11,4.96E+11,5.15E+11
Timor-Leste,TLS,GDP (current US$),1595205100,1652603700,1598208400,1566157200,2027034000,2162619200,3621958000,3204753000,2243142908
Togo,TGO,GDP (current US$),5755461035,6071170959,6387422518,7029300383,6992700101,7400284168,8342243646,8169476149,9171261835
Tonga,TON,GDP (current US$),437003078.6,420548712.4,460374354.8,488906838.6,512053692.1,484796854.9,469228219.7,500274898.1,
Trinidad and Tobago,TTO,GDP (current US$),27026080987,23713671528,24040299978,24569079488,23775754305,20807571314,24496505941,30053575132,28139944790
Tunisia,TUN,GDP (current US$),45779494042,44360072680,42163530591,42686580021,41905540184,42491816476,46812290143,44579761023,48529595417
Türkiye,TUR,GDP (current US$),8.64E+11,8.70E+11,8.59E+11,7.79E+11,7.61E+11,7.20E+11,8.20E+11,9.07E+11,1.11E+12
Turkmenistan,TKM,GDP (current US$),35799714286,36169428571,37926285714,40765428571,45232857143,45818000000,50007428571,56542857143,59887334844
Turks and Caicos Islands,TCA,GDP (current US$),942070000,1032452000,1028941663,1128749005,1177285212,774653669.3,1045782454,1228794383,1402054391
Tuvalu,TUV,GDP (current US$),36811936.08,41629064.22,45276595.35,48015259.88,54123198.57,51746594.31,60196405.71,59065982.09,62280311.59
Uganda,UGA,GDP (current US$),32387183730,29203988696,30744473841,32927025620,35348155095,37600368240,40529788744,45565333216,49272882214
Ukraine,UKR,GDP (current US$),91030967789,93355869404,1.12E+11,1.31E+11,1.54E+11,1.57E+11,2.00E+11,1.62E+11,1.79E+11
United Arab Emirates,ARE,GDP (current US$),3.70E+11,3.69E+11,3.91E+11,4.27E+11,4.18E+11,3.49E+11,4.15E+11,5.07E+11,5.04E+11
United Kingdom of Great Britain and Northern Ireland,GBR,GDP (current US$),2.93E+12,2.69E+12,2.68E+12,2.87E+12,2.85E+12,2.70E+12,3.14E+12,3.09E+12,3.34E+12
United States of America,USA,GDP (current US$),1.83E+13,1.88E+13,1.96E+13,2.07E+13,2.15E+13,2.13E+13,2.36E+13,2.57E+13,2.74E+13
Uruguay,URY,GDP (current US$),57680327999,57480788380,65006047680,65344408987,62222387929,53668636568,60760798596,70164683290,77240831587
Uzbekistan,UZB,GDP (current US$),86196264755,86138288644,62081322740,52870108215,60283503705,60224701297,69600614987,81140823252,90889149307
Vanuatu,VUT,GDP (current US$),730870803,780889605.9,880061833.7,914736985.4,936526267.6,909421043.5,950394006.5,1022219298,1126313359
Venezuela (Bolivarian Republic of),VEN,GDP (current US$),,,,,,,,,
Viet Nam,VNM,GDP (current US$),2.39E+11,2.57E+11,2.81E+11,3.10E+11,3.34E+11,3.47E+11,3.66E+11,4.10E+11,4.30E+11
United States Virgin Islands,VIR,GDP (current US$),3663000000,3798000000,3794000000,3923000000,4121000000,4189000000,4444000000,,
Yemen,YEM,GDP (current US$),42444490074,31317825274,26842229045,21606160663,,,,,
Zambia,ZMB,GDP (current US$),21251216799,20958412538,25873601261,26311507274,23308667781,18137764931,22096416932,29163782140,28162630954
Zimbabwe,ZWE,GDP (current US$),19963120600,20548678100,17584890937,34156069918,21832234926,21509698406,28371238666,27366627153,26538273499
